complaint_id,order_id,date,kitchen,slot,brand,source,text,defect,items,stations_on_shift,prep_minutes,cancelled,kitchen_late
0,293,2026-08-14,Koramangala,Late night,Sharief Bhai,Swiggy,"Cold in the middle, clearly sat somewhere for a while.",Cold food,4,4,12.42,0,False
1,304,2026-08-14,Koramangala,Late night,CakeZone,Swiggy,Cake was soggy and undercooked.,Taste or quality,1,4,4.62,0,False
2,307,2026-08-14,Koramangala,Late night,CakeZone,Swiggy,namak bahut zyada,Needs review,3,4,6.27,0,False
3,308,2026-08-14,Koramangala,Late night,Sharief Bhai,Zomato,Mutton biryani completely cold and rubbery.,Cold food,3,4,12.94,0,False
4,309,2026-08-14,Koramangala,Late night,Sharief Bhai,Zomato,"Cold in the middle, clearly sat somewhere for a while.",Cold food,2,4,10.37,0,False
5,325,2026-08-14,Koramangala,Late night,Sharief Bhai,Swiggy,"Cold in the middle, clearly sat somewhere for a while.",Cold food,1,4,7.24,0,False
6,354,2026-08-14,HSR Layout,Lunch,EatFit,Call centre,my coke never came,Needs review,1,7,5.75,0,False
7,450,2026-08-14,HSR Layout,Snacks,EatFit,Swiggy,Garlic dip was missing from my order.,Missing item,1,3,4.73,0,False
8,546,2026-08-14,HSR Layout,Dinner,Olio Pizza,Zomato,"Cold in the middle, clearly sat somewhere for a while.",Cold food,3,8,15.97,0,True
9,738,2026-08-14,Indiranagar,Snacks,CakeZone,Call centre,The jar cake was too salty today.,Taste or quality,3,3,7.43,0,False
10,838,2026-08-14,Indiranagar,Dinner,Olio Pizza,Call centre,Order reached 45 minutes after the promised time.,Late delivery,4,8,18.7,0,True
11,1089,2026-08-14,Whitefield,Dinner,Olio Pizza,Swiggy,delivery partner reached restaurant n waited 25 min for food,Late delivery,2,7,16.3,0,True
12,1158,2026-08-14,Bellandur,Breakfast,CakeZone,Swiggy,Box was crushed and the cake was damaged.,Packaging or spill,2,2,4.81,0,False
13,1477,2026-08-14,Electronic City,Snacks,Olio Pizza,Swiggy,Took forever. Rider waited outside the kitchen for 20 minutes.,Late delivery,3,3,18.09,0,True
14,1480,2026-08-14,Electronic City,Snacks,Frozen Bottle,Zomato,box half empty,Needs review,1,3,5.06,0,False
15,1598,2026-08-14,Electronic City,Late night,Frozen Bottle,Call centre,One of the two items was not delivered.,Missing item,1,3,4.29,0,False
16,1690,2026-08-14,JP Nagar,Lunch,EatFit,Zomato,The thali was too salty today.,Taste or quality,1,6,6.32,0,False
17,1825,2026-08-14,JP Nagar,Dinner,Olio Pizza,Swiggy,"paid 40 rs for dip, where is it?",Needs review,1,7,8.14,0,False
18,2011,2026-08-14,Jayanagar,Dinner,CakeZone,Zomato,"Cold in the middle, clearly sat somewhere for a while.",Cold food,4,7,15.67,0,True
19,2269,2026-08-14,Marathahalli,Dinner,CakeZone,Call centre,No oregano or chilli flakes sachets in the box.,Missing item,1,7,4.59,0,False
20,2280,2026-08-14,Marathahalli,Dinner,Olio Pizza,Swiggy,Took forever. Rider waited outside the kitchen for 20 minutes.,Late delivery,4,7,17.95,0,True
21,2339,2026-08-14,Hebbal,Breakfast,EatFit,Zomato,"Oily and heavy, not what I expect from this brand.",Taste or quality,1,2,6.71,0,False
22,2636,2026-08-15,Koramangala,Snacks,Frozen Bottle,Swiggy,"Tasted stale, not like usual.",Taste or quality,3,4,4.8,0,False
23,2774,2026-08-15,Koramangala,Dinner,Frozen Bottle,Call centre,Raita not included with the ice cream.,Missing item,1,9,3.27,0,False
24,2821,2026-08-15,Koramangala,Late night,Sharief Bhai,Zomato,Food was lukewarm by the time it reached.,Cold food,2,4,10.35,0,False
25,2824,2026-08-15,Koramangala,Late night,Sharief Bhai,Zomato,"biryani was like room temp, no steam at all",Needs review,1,4,6.41,0,False
26,3014,2026-08-15,HSR Layout,Dinner,Olio Pizza,Zomato,had to microwave the whole thing again,Needs review,2,8,15.13,0,True
27,3020,2026-08-15,HSR Layout,Dinner,Frozen Bottle,Swiggy,One of the two items was not delivered.,Missing item,2,8,7.81,0,False
28,3087,2026-08-15,HSR Layout,Late night,Frozen Bottle,Swiggy,Gravy leaked all over the bag.,Packaging or spill,1,3,5.15,0,False
29,3292,2026-08-15,Indiranagar,Dinner,Sharief Bhai,Swiggy,Waited almost an hour for a simple mutton biryani.,Late delivery,3,8,16.72,0,True
30,3305,2026-08-15,Indiranagar,Dinner,Olio Pizza,Call centre,Farmhouse pizza completely cold and rubbery.,Cold food,2,8,20.45,0,True
31,3311,2026-08-15,Indiranagar,Dinner,Olio Pizza,Swiggy,App kept showing 'preparing' for 30 minutes. Very slow.,Late delivery,2,8,16.21,0,True
32,3320,2026-08-15,Indiranagar,Dinner,Olio Pizza,Swiggy,Food was lukewarm by the time it reached.,Cold food,1,8,21.24,0,True
33,3326,2026-08-15,Indiranagar,Dinner,Olio Pizza,Swiggy,"Slow again from this outlet, third time this week.",Late delivery,2,8,15.69,0,True
34,3354,2026-08-15,Indiranagar,Dinner,Sharief Bhai,Zomato,Rider said the kitchen was still preparing when he arrived.,Late delivery,3,8,25.84,0,True
35,3356,2026-08-15,Indiranagar,Dinner,Sharief Bhai,Zomato,everything ice-cold by the time it came,Cold food,2,8,21.3,0,True
36,3373,2026-08-15,Indiranagar,Dinner,Sharief Bhai,Swiggy,eta kept increasing every 5 min,Needs review,1,8,25.41,0,True
37,3376,2026-08-15,Indiranagar,Dinner,Sharief Bhai,Swiggy,Rider said the kitchen was still preparing when he arrived.,Late delivery,2,8,23.74,0,True
38,3383,2026-08-15,Indiranagar,Dinner,Olio Pizza,Zomato,Waited almost an hour for a simple farmhouse pizza.,Late delivery,2,8,26.5,0,True
39,3385,2026-08-15,Indiranagar,Dinner,EatFit,Zomato,Order reached 42 minutes after the promised time.,Late delivery,1,8,21.33,0,True
40,3430,2026-08-15,Indiranagar,Late night,Olio Pizza,Zomato,Rider said the kitchen was still preparing when he arrived.,Late delivery,1,3,23.76,0,True
41,3589,2026-08-15,Whitefield,Dinner,Olio Pizza,Zomato,The farmhouse pizza was too salty today.,Taste or quality,3,7,22.64,0,True
42,3597,2026-08-15,Whitefield,Dinner,Olio Pizza,Zomato,Order reached 49 minutes after the promised time.,Late delivery,1,7,17.13,0,True
43,3603,2026-08-15,Whitefield,Dinner,Sharief Bhai,Zomato,Order reached 28 minutes after the promised time.,Late delivery,4,7,22.07,0,True
44,3613,2026-08-15,Whitefield,Dinner,Sharief Bhai,Swiggy,Order reached 37 minutes after the promised time.,Late delivery,1,7,19.46,0,True
45,3615,2026-08-15,Whitefield,Dinner,Sharief Bhai,Swiggy,"bhai 1 ghanta laga, kya kar rahe ho",Needs review,2,7,19.58,0,True
46,3619,2026-08-15,Whitefield,Dinner,Olio Pizza,Swiggy,"The pizza arrived cold, had to reheat it.",Cold food,2,7,19.97,0,True
47,3626,2026-08-15,Whitefield,Dinner,EatFit,Zomato,"bhai 1 ghanta laga, kya kar rahe ho",Needs review,1,7,16.46,0,True
48,3692,2026-08-15,Whitefield,Late night,Olio Pizza,Swiggy,"Slow again from this outlet, third time this week.",Late delivery,1,3,17.33,0,True
49,3693,2026-08-15,Whitefield,Late night,Olio Pizza,Swiggy,"Ordered for a team dinner, food came after everyone left.",Late delivery,1,3,16.98,0,True
50,3801,2026-08-15,Bellandur,Dinner,Olio Pizza,Swiggy,Order reached 57 minutes after the promised time.,Late delivery,6,7,16.83,0,True
51,3854,2026-08-15,Bellandur,Dinner,Olio Pizza,Swiggy,"Ordered for a team dinner, food came after everyone left.",Late delivery,5,7,19.51,0,True
52,3900,2026-08-15,Bellandur,Dinner,Olio Pizza,Zomato,had to microwave the whole thing again,Needs review,3,7,21.69,0,True
53,3963,2026-08-15,Electronic City,Breakfast,Frozen Bottle,Swiggy,my coke never came,Needs review,1,2,3.57,0,False
54,4066,2026-08-15,Electronic City,Dinner,Frozen Bottle,Zomato,"curry all over the bag, box was wet",Needs review,1,7,3.49,0,False
55,4128,2026-08-15,Electronic City,Dinner,EatFit,Call centre,Received someone else's order.,Wrong item,1,7,7.28,0,False
56,4146,2026-08-15,Electronic City,Dinner,Sharief Bhai,Zomato,had to microwave the whole thing again,Needs review,4,7,15.47,0,True
57,4171,2026-08-15,Electronic City,Dinner,Olio Pizza,Swiggy,"Tasted stale, not like usual.",Taste or quality,2,7,9.52,0,False
58,4191,2026-08-15,Electronic City,Late night,Sharief Bhai,Swiggy,Took forever. Rider waited outside the kitchen for 20 minutes.,Late delivery,2,3,15.36,0,True
59,4384,2026-08-15,JP Nagar,Dinner,CakeZone,Swiggy,Leaked through the bag onto my bike.,Packaging or spill,1,7,9.66,0,False
60,4398,2026-08-15,JP Nagar,Dinner,Olio Pizza,Swiggy,Waited almost an hour for a simple farmhouse pizza.,Late delivery,2,7,15.52,0,True
61,4406,2026-08-15,JP Nagar,Dinner,Olio Pizza,Swiggy,"Ordered for a team dinner, food came after everyone left.",Late delivery,3,7,17.22,0,True
62,4504,2026-08-15,Jayanagar,Lunch,Sharief Bhai,Call centre,One of the two items was not delivered.,Missing item,1,6,7.91,0,False
63,4586,2026-08-15,Jayanagar,Dinner,Olio Pizza,Swiggy,"Ordered for a team dinner, food came after everyone left.",Late delivery,2,7,17.86,0,True
64,4628,2026-08-15,Jayanagar,Dinner,CakeZone,Swiggy,"Slow again from this outlet, third time this week.",Late delivery,1,7,17.96,0,True
65,4632,2026-08-15,Jayanagar,Dinner,Sharief Bhai,Swiggy,delivery partner reached restaurant n waited 25 min for food,Late delivery,1,7,18.21,0,True
66,4636,2026-08-15,Jayanagar,Dinner,Millet Express,Swiggy,"bhai 1 ghanta laga, kya kar rahe ho",Needs review,1,7,16.45,0,True
67,4637,2026-08-15,Jayanagar,Dinner,Sharief Bhai,Swiggy,Order reached 25 minutes after the promised time.,Late delivery,4,7,24.47,0,True
68,4643,2026-08-15,Jayanagar,Dinner,Millet Express,Zomato,Food was lukewarm by the time it reached.,Cold food,1,7,15.59,0,True
69,4644,2026-08-15,Jayanagar,Dinner,EatFit,Zomato,everything ice-cold by the time it came,Cold food,2,7,17.52,0,True
70,4646,2026-08-15,Jayanagar,Dinner,EatFit,Swiggy,Order reached 50 minutes after the promised time.,Late delivery,2,7,17.38,0,True
71,4653,2026-08-15,Jayanagar,Dinner,Sharief Bhai,Zomato,Rider said the kitchen was still preparing when he arrived.,Late delivery,2,7,21.48,0,True
72,4655,2026-08-15,Jayanagar,Dinner,Sharief Bhai,Call centre,Biryani completely cold and rubbery.,Cold food,2,7,18.32,0,True
73,4663,2026-08-15,Jayanagar,Dinner,Olio Pizza,Swiggy,No oregano or chilli flakes sachets in the box.,Missing item,1,7,11.78,0,False
74,4690,2026-08-15,Jayanagar,Late night,Olio Pizza,Swiggy,Portion was much smaller than usual.,Quantity,3,3,14.08,0,False
75,4698,2026-08-15,Jayanagar,Late night,Olio Pizza,Zomato,"Tasted stale, not like usual.",Taste or quality,3,3,14.21,0,False
76,4792,2026-08-15,Marathahalli,Snacks,Frozen Bottle,Zomato,"curry all over the bag, box was wet",Needs review,1,3,5.37,0,False
77,4905,2026-08-15,Marathahalli,Dinner,Olio Pizza,Zomato,"Slow again from this outlet, third time this week.",Late delivery,3,7,17.87,0,True
78,4916,2026-08-15,Marathahalli,Dinner,CakeZone,Swiggy,cake looked like it was dropped,Needs review,1,7,4.94,0,False
79,4943,2026-08-15,Marathahalli,Dinner,Olio Pizza,Swiggy,One of the two items was not delivered.,Missing item,2,7,9.05,0,False
80,5004,2026-08-15,Hebbal,Lunch,Sharief Bhai,Swiggy,Gravy leaked all over the bag.,Packaging or spill,3,6,9.94,0,False
81,5421,2026-08-16,Koramangala,Dinner,EatFit,Swiggy,"food reached after ages, kids slept hungry",Needs review,5,9,15.82,0,True
82,5441,2026-08-16,Koramangala,Dinner,Olio Pizza,Swiggy,Took forever. Rider waited outside the kitchen for 20 minutes.,Late delivery,4,9,18.06,0,True
83,5483,2026-08-16,Koramangala,Late night,Sharief Bhai,Swiggy,everything ice-cold by the time it came,Cold food,1,4,6.45,0,False
84,5495,2026-08-16,Koramangala,Late night,Olio Pizza,Swiggy,Farmhouse pizza completely cold and rubbery.,Cold food,3,4,19.73,0,True
85,5497,2026-08-16,Koramangala,Late night,Sharief Bhai,Zomato,Biryani completely cold and rubbery.,Cold food,1,4,6.38,0,False
86,5511,2026-08-16,Koramangala,Late night,Sharief Bhai,Zomato,Mutton biryani completely cold and rubbery.,Cold food,2,4,11.23,0,False
87,5627,2026-08-16,HSR Layout,Dinner,Sharief Bhai,Swiggy,One of the two items was not delivered.,Missing item,2,8,9.23,0,False
88,5752,2026-08-16,HSR Layout,Dinner,Sharief Bhai,Swiggy,"Oily and heavy, not what I expect from this brand.",Taste or quality,3,8,9.28,0,False
89,5771,2026-08-16,HSR Layout,Late night,CakeZone,Zomato,cake looked like it was dropped,Needs review,2,3,5.34,0,False
90,5944,2026-08-16,Indiranagar,Dinner,Olio Pizza,Zomato,"Cold in the middle, clearly sat somewhere for a while.",Cold food,5,8,19.72,0,True
91,5985,2026-08-16,Indiranagar,Dinner,Olio Pizza,Swiggy,"curry all over the bag, box was wet",Needs review,2,8,13.82,0,False
92,6085,2026-08-16,Indiranagar,Late night,Olio Pizza,Swiggy,"bhai 1 ghanta laga, kya kar rahe ho",Needs review,3,3,26.72,0,True
93,6089,2026-08-16,Indiranagar,Late night,Sharief Bhai,Zomato,Food was lukewarm by the time it reached.,Cold food,3,3,34.89,0,True
94,6094,2026-08-16,Indiranagar,Late night,Frozen Bottle,Swiggy,Rider said the kitchen was still preparing when he arrived.,Late delivery,1,3,28.42,0,True
95,6289,2026-08-16,Whitefield,Dinner,Sharief Bhai,Swiggy,Waited almost an hour for a simple mutton biryani.,Late delivery,1,7,15.1,0,True
96,6529,2026-08-16,Bellandur,Dinner,Olio Pizza,Zomato,Garlic bread completely cold and rubbery.,Cold food,2,7,16.56,0,True
97,7048,2026-08-16,JP Nagar,Late night,Frozen Bottle,Swiggy,One of the two items was not delivered.,Missing item,1,3,3.51,0,False
98,7052,2026-08-16,JP Nagar,Late night,CakeZone,Swiggy,The cake was too salty today.,Taste or quality,1,3,4.0,0,False
99,7212,2026-08-16,Jayanagar,Dinner,EatFit,Zomato,The protein meal was too salty today.,Taste or quality,2,7,12.33,0,False
100,7282,2026-08-16,Jayanagar,Late night,CakeZone,Swiggy,Raita not included with the jar cake.,Missing item,2,3,7.44,0,False
101,7345,2026-08-16,Marathahalli,Lunch,CakeZone,Zomato,"Oily and heavy, not what I expect from this brand.",Taste or quality,1,6,4.38,0,False
102,7353,2026-08-16,Marathahalli,Snacks,Frozen Bottle,Swiggy,my coke never came,Needs review,2,3,4.63,0,False
103,7425,2026-08-16,Marathahalli,Dinner,EatFit,Swiggy,"Container lid broken, everything spilled.",Packaging or spill,3,7,11.84,0,False
104,7427,2026-08-16,Marathahalli,Dinner,Sharief Bhai,Swiggy,raita gayab tha,Needs review,1,7,7.76,0,False
105,7453,2026-08-16,Marathahalli,Dinner,Olio Pizza,Swiggy,"bhai 1 ghanta laga, kya kar rahe ho",Needs review,3,7,16.63,0,True
106,7469,2026-08-16,Marathahalli,Dinner,Olio Pizza,Swiggy,Rider said the kitchen was still preparing when he arrived.,Late delivery,1,7,16.95,0,True
107,7509,2026-08-16,Marathahalli,Late night,Olio Pizza,Zomato,"Half-filled container, felt cheated.",Quantity,2,3,7.8,0,False
108,7519,2026-08-16,Marathahalli,Late night,Olio Pizza,Swiggy,App kept showing 'preparing' for 30 minutes. Very slow.,Late delivery,5,3,21.6,0,True
109,7619,2026-08-16,Hebbal,Dinner,EatFit,Swiggy,sabzi was 2 spoons,Needs review,3,7,11.11,0,False
110,7664,2026-08-16,Hebbal,Dinner,CakeZone,Zomato,"Half-filled container, felt cheated.",Quantity,2,7,5.39,0,False
111,7699,2026-08-16,Hebbal,Dinner,Olio Pizza,Call centre,base was raw from inside,Needs review,2,7,10.15,0,False
112,7987,2026-08-17,Koramangala,Dinner,Olio Pizza,Swiggy,"Overcooked and mushy, not good.",Taste or quality,4,9,13.71,0,False
113,8051,2026-08-17,Koramangala,Late night,Sharief Bhai,Zomato,Mutton biryani completely cold and rubbery.,Cold food,1,4,7.87,0,False
114,8065,2026-08-17,Koramangala,Late night,Olio Pizza,Call centre,Leaked through the bag onto my bike.,Packaging or spill,1,4,8.25,0,False
115,8067,2026-08-17,Koramangala,Late night,Sharief Bhai,Call centre,Chicken biryani completely cold and rubbery.,Cold food,1,4,8.72,0,False
116,8068,2026-08-17,Koramangala,Late night,Sharief Bhai,Zomato,Biryani completely cold and rubbery.,Cold food,1,4,8.66,0,False
117,8072,2026-08-17,Koramangala,Late night,Sharief Bhai,Call centre,"The chicken biryani arrived cold, had to reheat it.",Cold food,2,4,9.04,0,False
118,8076,2026-08-17,Koramangala,Late night,Sharief Bhai,Zomato,everything ice-cold by the time it came,Cold food,2,4,9.6,0,False
119,8248,2026-08-17,HSR Layout,Dinner,Olio Pizza,Swiggy,Took forever. Rider waited outside the kitchen for 20 minutes.,Late delivery,3,8,15.42,0,True
120,8467,2026-08-17,Indiranagar,Lunch,EatFit,Swiggy,Order reached 58 minutes after the promised time.,Late delivery,2,7,15.21,0,True
121,8593,2026-08-17,Indiranagar,Dinner,Sharief Bhai,Call centre,my coke never came,Needs review,3,8,11.54,0,False
122,9397,2026-08-17,JP Nagar,Breakfast,Millet Express,Call centre,box half empty,Needs review,1,2,6.59,0,False
123,9527,2026-08-17,JP Nagar,Dinner,Sharief Bhai,Zomato,delivery partner reached restaurant n waited 25 min for food,Late delivery,5,7,15.84,0,True
124,9953,2026-08-17,Marathahalli,Lunch,Olio Pizza,Zomato,Rider said the kitchen was still preparing when he arrived.,Late delivery,3,6,17.45,0,True
125,9958,2026-08-17,Marathahalli,Lunch,Olio Pizza,Call centre,"Oily and heavy, not what I expect from this brand.",Taste or quality,3,6,15.03,0,True
126,10010,2026-08-17,Marathahalli,Dinner,Olio Pizza,Swiggy,"paid 40 rs for dip, where is it?",Needs review,2,7,9.76,0,False
127,10013,2026-08-17,Marathahalli,Dinner,Sharief Bhai,Swiggy,No oregano or chilli flakes sachets in the box.,Missing item,1,7,6.95,0,False
128,10262,2026-08-17,Hebbal,Dinner,Olio Pizza,Zomato,Garlic bread was soggy and undercooked.,Taste or quality,3,7,10.75,0,False
129,10460,2026-08-18,Koramangala,Snacks,Frozen Bottle,Swiggy,namak bahut zyada,Needs review,1,4,3.12,0,False
130,10601,2026-08-18,Koramangala,Late night,Sharief Bhai,Swiggy,"The chicken biryani arrived cold, had to reheat it.",Cold food,3,4,12.93,0,False
131,10608,2026-08-18,Koramangala,Late night,Sharief Bhai,Zomato,Mutton biryani completely cold and rubbery.,Cold food,3,4,9.63,0,False
132,10611,2026-08-18,Koramangala,Late night,Sharief Bhai,Zomato,"Cold in the middle, clearly sat somewhere for a while.",Cold food,2,4,9.84,0,False
133,10620,2026-08-18,Koramangala,Late night,Sharief Bhai,Swiggy,had to microwave the whole thing again,Needs review,2,4,10.37,0,False
134,10623,2026-08-18,Koramangala,Late night,Sharief Bhai,Swiggy,"Cold in the middle, clearly sat somewhere for a while.",Cold food,1,4,6.37,0,False
135,10935,2026-08-18,Indiranagar,Lunch,Sharief Bhai,Swiggy,namak bahut zyada,Needs review,1,7,10.16,0,False
136,10937,2026-08-18,Indiranagar,Lunch,Olio Pizza,Call centre,Rider said the kitchen was still preparing when he arrived.,Late delivery,3,7,17.04,0,True
137,11001,2026-08-18,Indiranagar,Snacks,CakeZone,Zomato,namak bahut zyada,Needs review,1,3,4.94,0,False
138,11040,2026-08-18,Indiranagar,Dinner,Olio Pizza,Zomato,"Oily and heavy, not what I expect from this brand.",Taste or quality,3,8,12.04,0,False
139,11198,2026-08-18,Whitefield,Lunch,EatFit,Call centre,No oregano or chilli flakes sachets in the box.,Missing item,1,6,6.73,0,False
140,11228,2026-08-18,Whitefield,Lunch,Olio Pizza,Swiggy,Rider said the kitchen was still preparing when he arrived.,Late delivery,1,6,17.37,0,True
141,11284,2026-08-18,Whitefield,Snacks,EatFit,Swiggy,my coke never came,Needs review,1,3,6.72,0,False
142,11474,2026-08-18,Bellandur,Lunch,Sharief Bhai,Swiggy,"Oily and heavy, not what I expect from this brand.",Taste or quality,1,6,13.83,0,False
143,11558,2026-08-18,Bellandur,Dinner,Olio Pizza,Zomato,namak bahut zyada,Needs review,1,7,10.27,0,False
144,11711,2026-08-18,Electronic City,Lunch,Sharief Bhai,Swiggy,"Ordered for a team dinner, food came after everyone left.",Late delivery,2,6,17.18,0,True
145,11713,2026-08-18,Electronic City,Lunch,Sharief Bhai,Swiggy,Food was lukewarm by the time it reached.,Cold food,3,6,17.32,0,True
146,11764,2026-08-18,Electronic City,Snacks,Olio Pizza,Zomato,everything ice-cold by the time it came,Cold food,5,3,16.87,0,True
147,12093,2026-08-18,JP Nagar,Late night,Sharief Bhai,Swiggy,Waited almost an hour for a simple biryani.,Late delivery,3,3,18.65,0,True
148,12203,2026-08-18,Jayanagar,Dinner,Sharief Bhai,Swiggy,raita gayab tha,Needs review,2,7,9.12,0,False
149,12441,2026-08-18,Marathahalli,Dinner,Olio Pizza,Swiggy,Leaked through the bag onto my bike.,Packaging or spill,2,7,10.35,0,False
150,12496,2026-08-18,Marathahalli,Dinner,Olio Pizza,Zomato,box half empty,Needs review,4,7,22.01,0,True
151,12556,2026-08-18,Hebbal,Breakfast,Frozen Bottle,Swiggy,"Overcooked and mushy, not good.",Taste or quality,3,2,7.22,0,False
152,13056,2026-08-19,Koramangala,Late night,Sharief Bhai,Swiggy,Food was lukewarm by the time it reached.,Cold food,2,4,8.83,0,False
153,13075,2026-08-19,Koramangala,Late night,Sharief Bhai,Swiggy,Mutton biryani completely cold and rubbery.,Cold food,2,4,9.6,0,False
154,13308,2026-08-19,Indiranagar,Breakfast,EatFit,Zomato,Raita not included with the dal-rice bowl.,Missing item,2,2,7.1,0,False
155,13647,2026-08-19,Whitefield,Snacks,Sharief Bhai,Swiggy,"Paid for a combo, the drink was not in the bag.",Missing item,1,3,6.47,0,False
156,13663,2026-08-19,Whitefield,Snacks,Frozen Bottle,Zomato,"Overcooked and mushy, not good.",Taste or quality,3,3,4.81,0,False
157,13746,2026-08-19,Whitefield,Dinner,Sharief Bhai,Zomato,The biryani was too salty today.,Taste or quality,2,7,12.38,0,False
158,13889,2026-08-19,Bellandur,Snacks,CakeZone,Swiggy,this is not what i ordered at all,Needs review,1,3,6.58,0,False
159,14004,2026-08-19,Bellandur,Late night,CakeZone,Swiggy,"Overcooked and mushy, not good.",Taste or quality,2,3,5.13,0,False
160,14573,2026-08-19,Jayanagar,Dinner,Olio Pizza,Call centre,"Oily and heavy, not what I expect from this brand.",Taste or quality,2,7,10.96,0,False
161,14872,2026-08-19,Hebbal,Lunch,EatFit,Zomato,my coke never came,Needs review,2,6,10.46,0,False
162,14879,2026-08-19,Hebbal,Lunch,Sharief Bhai,Swiggy,raita gayab tha,Needs review,1,6,7.42,0,False
163,14888,2026-08-19,Hebbal,Lunch,EatFit,Zomato,"Overcooked and mushy, not good.",Taste or quality,2,6,9.26,0,False
164,15011,2026-08-19,Hebbal,Dinner,Sharief Bhai,Swiggy,Got veg instead of chicken.,Wrong item,1,7,9.2,0,False
165,15339,2026-08-20,Koramangala,Late night,Sharief Bhai,Zomato,Food was lukewarm by the time it reached.,Cold food,1,4,6.4,0,False
166,15352,2026-08-20,Koramangala,Late night,Sharief Bhai,Swiggy,"Cold in the middle, clearly sat somewhere for a while.",Cold food,1,4,8.32,0,False
167,15355,2026-08-20,Koramangala,Late night,Frozen Bottle,Zomato,Very little in the thick shake for the price.,Quantity,1,4,3.35,0,False
168,15742,2026-08-20,Indiranagar,Snacks,EatFit,Zomato,"Paid for a combo, the drink was not in the bag.",Missing item,1,3,5.4,0,False
169,15800,2026-08-20,Indiranagar,Dinner,Sharief Bhai,Call centre,Gravy leaked all over the bag.,Packaging or spill,4,8,13.02,0,False
170,15978,2026-08-20,Whitefield,Snacks,Olio Pizza,Zomato,Farmhouse pizza was soggy and undercooked.,Taste or quality,2,3,11.22,0,False
171,16162,2026-08-20,Bellandur,Lunch,Sharief Bhai,Call centre,Leaked through the bag onto my bike.,Packaging or spill,3,6,11.99,0,False
172,16336,2026-08-20,Bellandur,Dinner,EatFit,Swiggy,No oregano or chilli flakes sachets in the box.,Missing item,3,7,10.07,0,False
173,16488,2026-08-20,Electronic City,Dinner,EatFit,Swiggy,Garlic dip was missing from my order.,Missing item,1,7,7.13,0,False
174,16493,2026-08-20,Electronic City,Dinner,Olio Pizza,Swiggy,Waited almost an hour for a simple pizza.,Late delivery,5,7,19.66,0,True
175,16568,2026-08-20,Electronic City,Late night,Olio Pizza,Call centre,Food was lukewarm by the time it reached.,Cold food,3,3,16.28,0,True
176,16907,2026-08-20,Jayanagar,Snacks,Olio Pizza,Zomato,Extra cheese charged but not added.,Missing item,4,3,15.84,0,True
177,16980,2026-08-20,Jayanagar,Dinner,Sharief Bhai,Zomato,Very little in the chicken biryani for the price.,Quantity,2,7,10.13,0,False
178,17043,2026-08-20,Marathahalli,Breakfast,Millet Express,Swiggy,The ragi dosa was too salty today.,Taste or quality,2,2,8.23,0,False
179,17282,2026-08-20,Marathahalli,Late night,Olio Pizza,Call centre,"Ordered for a team dinner, food came after everyone left.",Late delivery,3,3,15.49,0,True
180,17292,2026-08-20,Hebbal,Breakfast,Millet Express,Swiggy,Rider said the kitchen was still preparing when he arrived.,Late delivery,3,2,15.9,0,True
181,17307,2026-08-20,Hebbal,Lunch,Olio Pizza,Swiggy,App kept showing 'preparing' for 30 minutes. Very slow.,Late delivery,4,6,15.54,0,True
182,17508,2026-08-21,Koramangala,Breakfast,EatFit,Zomato,App kept showing 'preparing' for 30 minutes. Very slow.,Late delivery,2,2,15.89,0,True
183,17613,2026-08-21,Koramangala,Snacks,Frozen Bottle,Zomato,"Overcooked and mushy, not good.",Taste or quality,2,4,4.04,0,False
184,17767,2026-08-21,Koramangala,Late night,Sharief Bhai,Zomato,had to microwave the whole thing again,Needs review,3,4,8.31,0,False
185,17772,2026-08-21,Koramangala,Late night,CakeZone,Zomato,Gravy leaked all over the bag.,Packaging or spill,1,4,5.88,0,False
186,17792,2026-08-21,Koramangala,Late night,Sharief Bhai,Swiggy,everything ice-cold by the time it came,Cold food,2,4,8.41,0,False
187,17800,2026-08-21,Koramangala,Late night,Olio Pizza,Swiggy,Took forever. Rider waited outside the kitchen for 20 minutes.,Late delivery,5,4,15.85,0,True
188,18075,2026-08-21,Indiranagar,Lunch,EatFit,Zomato,"Tasted stale, not like usual.",Taste or quality,2,7,8.97,0,False
189,18371,2026-08-21,Whitefield,Lunch,EatFit,Zomato,my coke never came,Needs review,1,6,9.58,0,False
190,18605,2026-08-21,Whitefield,Late night,CakeZone,Zomato,Truffle cake was soggy and undercooked.,Taste or quality,1,3,4.41,0,False
191,18702,2026-08-21,Bellandur,Lunch,EatFit,Swiggy,sabzi was 2 spoons,Needs review,5,6,15.8,0,True
192,18755,2026-08-21,Bellandur,Snacks,Olio Pizza,Zomato,Order reached 56 minutes after the promised time.,Late delivery,3,3,15.81,0,True
193,18791,2026-08-21,Bellandur,Dinner,CakeZone,Zomato,Leaked through the bag onto my bike.,Packaging or spill,2,7,9.37,0,False
194,18886,2026-08-21,Bellandur,Late night,Olio Pizza,Swiggy,"Ordered for a team dinner, food came after everyone left.",Late delivery,3,3,15.17,0,True
195,18912,2026-08-21,Electronic City,Lunch,Olio Pizza,Call centre,delivery partner reached restaurant n waited 25 min for food,Late delivery,3,6,21.03,0,True
196,18936,2026-08-21,Electronic City,Lunch,Sharief Bhai,Zomato,Box was crushed and the chicken biryani was damaged.,Packaging or spill,1,6,14.07,0,False
197,19052,2026-08-21,Electronic City,Dinner,Olio Pizza,Swiggy,delivery partner reached restaurant n waited 25 min for food,Late delivery,4,7,15.78,0,True
198,19066,2026-08-21,Electronic City,Dinner,EatFit,Call centre,had to microwave the whole thing again,Needs review,1,7,15.33,0,True
199,19068,2026-08-21,Electronic City,Dinner,Olio Pizza,Swiggy,"ordered at 8.10 got it 9.05, unacceptable",Needs review,3,7,21.86,0,True
200,19152,2026-08-21,JP Nagar,Breakfast,EatFit,Call centre,"Container lid broken, everything spilled.",Packaging or spill,3,2,8.61,0,False
201,19158,2026-08-21,JP Nagar,Breakfast,Millet Express,Zomato,Received someone else's order.,Wrong item,2,2,11.2,0,False
202,19199,2026-08-21,JP Nagar,Lunch,Olio Pizza,Zomato,Garlic dip was missing from my order.,Missing item,3,6,11.4,0,False
203,19373,2026-08-21,JP Nagar,Late night,Sharief Bhai,Call centre,"bhai 1 ghanta laga, kya kar rahe ho",Needs review,2,3,17.79,0,True
204,19538,2026-08-21,Jayanagar,Dinner,EatFit,Swiggy,my coke never came,Needs review,1,7,5.63,0,False
205,19777,2026-08-21,Marathahalli,Dinner,Olio Pizza,Zomato,The farmhouse pizza was too salty today.,Taste or quality,1,7,10.94,0,False
206,19844,2026-08-21,Marathahalli,Dinner,Sharief Bhai,Zomato,"biryani was like room temp, no steam at all",Needs review,3,7,18.83,0,True
207,20225,2026-08-22,Koramangala,Snacks,Olio Pizza,Swiggy,"food reached after ages, kids slept hungry",Needs review,4,4,18.79,0,True
208,20304,2026-08-22,Koramangala,Dinner,Sharief Bhai,Zomato,raita gayab tha,Needs review,1,9,6.64,0,False
209,20396,2026-08-22,Koramangala,Late night,Sharief Bhai,Swiggy,Food was lukewarm by the time it reached.,Cold food,1,4,6.83,0,False
210,20400,2026-08-22,Koramangala,Late night,Sharief Bhai,Swiggy,"Cold in the middle, clearly sat somewhere for a while.",Cold food,2,4,7.86,0,False
211,20420,2026-08-22,Koramangala,Late night,Sharief Bhai,Swiggy,"The chicken biryani arrived cold, had to reheat it.",Cold food,1,4,7.46,0,False
212,20432,2026-08-22,Koramangala,Late night,Sharief Bhai,Swiggy,"Cold in the middle, clearly sat somewhere for a while.",Cold food,1,4,8.29,0,False
213,20479,2026-08-22,HSR Layout,Lunch,EatFit,Zomato,Raita not included with the protein meal.,Missing item,2,7,9.78,0,False
214,21125,2026-08-22,Whitefield,Dinner,Olio Pizza,Zomato,"The pizza arrived cold, had to reheat it.",Cold food,4,7,16.89,0,True
215,21218,2026-08-22,Bellandur,Lunch,EatFit,Call centre,Thali was soggy and undercooked.,Taste or quality,1,6,7.58,0,False
216,21508,2026-08-22,Electronic City,Dinner,EatFit,Zomato,Extra cheese charged but not added.,Missing item,2,7,7.63,0,False
217,21533,2026-08-22,Electronic City,Dinner,Olio Pizza,Zomato,"Cold in the middle, clearly sat somewhere for a while.",Cold food,4,7,17.63,0,True
218,21720,2026-08-22,JP Nagar,Snacks,Frozen Bottle,Swiggy,Gravy leaked all over the bag.,Packaging or spill,2,3,5.0,0,False
219,21767,2026-08-22,JP Nagar,Dinner,Olio Pizza,Swiggy,delivery partner reached restaurant n waited 25 min for food,Late delivery,4,7,17.27,0,True
220,21907,2026-08-22,Jayanagar,Lunch,EatFit,Swiggy,my coke never came,Needs review,2,6,8.13,0,False
221,22499,2026-08-22,Hebbal,Dinner,Olio Pizza,Zomato,Took forever. Rider waited outside the kitchen for 20 minutes.,Late delivery,2,7,17.17,0,True
222,22681,2026-08-23,Koramangala,Dinner,Sharief Bhai,Zomato,raita gayab tha,Needs review,2,9,10.9,0,False
223,22852,2026-08-23,Koramangala,Late night,Sharief Bhai,Zomato,everything ice-cold by the time it came,Cold food,2,4,10.76,0,False
224,22853,2026-08-23,Koramangala,Late night,Sharief Bhai,Swiggy,"biryani was like room temp, no steam at all",Needs review,1,4,6.53,0,False
225,22865,2026-08-23,Koramangala,Late night,Sharief Bhai,Swiggy,"Cold in the middle, clearly sat somewhere for a while.",Cold food,3,4,9.95,0,False
226,22883,2026-08-23,HSR Layout,Breakfast,EatFit,Zomato,"Ordered for a team dinner, food came after everyone left.",Late delivery,2,2,15.1,0,True
227,23073,2026-08-23,HSR Layout,Dinner,Sharief Bhai,Zomato,Very little in the biryani for the price.,Quantity,3,8,12.94,0,False
228,23332,2026-08-23,Indiranagar,Dinner,Olio Pizza,Zomato,"bhai 1 ghanta laga, kya kar rahe ho",Needs review,2,8,16.35,0,True
229,23444,2026-08-23,Indiranagar,Late night,CakeZone,Zomato,"Oily and heavy, not what I expect from this brand.",Taste or quality,1,3,4.47,0,False
230,23535,2026-08-23,Whitefield,Snacks,Frozen Bottle,Zomato,Received someone else's order.,Wrong item,1,3,6.47,0,False
231,23768,2026-08-23,Bellandur,Snacks,CakeZone,Zomato,Garlic dip was missing from my order.,Missing item,2,3,6.34,0,False
232,23863,2026-08-23,Bellandur,Dinner,Olio Pizza,Zomato,"Overcooked and mushy, not good.",Taste or quality,2,7,16.51,0,True
233,24020,2026-08-23,Electronic City,Snacks,Olio Pizza,Zomato,box half empty,Needs review,1,3,8.52,0,False
234,24102,2026-08-23,Electronic City,Dinner,CakeZone,Swiggy,Gravy leaked all over the bag.,Packaging or spill,3,7,8.13,0,False
235,24165,2026-08-23,Electronic City,Late night,Sharief Bhai,Call centre,my coke never came,Needs review,2,3,10.28,0,False
236,24306,2026-08-23,JP Nagar,Dinner,Olio Pizza,Zomato,"curry all over the bag, box was wet",Needs review,2,7,9.76,0,False
237,24563,2026-08-23,Jayanagar,Dinner,Sharief Bhai,Swiggy,"The mutton biryani arrived cold, had to reheat it.",Cold food,3,7,15.14,0,True
238,24574,2026-08-23,Jayanagar,Dinner,Sharief Bhai,Swiggy,my coke never came,Needs review,1,7,7.31,0,False
239,24642,2026-08-23,Marathahalli,Breakfast,Millet Express,Swiggy,namak bahut zyada,Needs review,2,2,7.47,0,False
240,25133,2026-08-24,Koramangala,Lunch,EatFit,Swiggy,One of the two items was not delivered.,Missing item,1,8,9.0,0,False
241,25181,2026-08-24,Koramangala,Lunch,Sharief Bhai,Swiggy,Very little in the biryani for the price.,Quantity,2,8,13.33,0,False
242,25353,2026-08-24,Koramangala,Late night,Sharief Bhai,Swiggy,"The mutton biryani arrived cold, had to reheat it.",Cold food,3,4,8.69,0,False
243,25511,2026-08-24,HSR Layout,Snacks,Frozen Bottle,Swiggy,Got veg instead of chicken.,Wrong item,1,3,3.43,0,False
244,25635,2026-08-24,HSR Layout,Late night,Frozen Bottle,Zomato,Ice cream was soggy and undercooked.,Taste or quality,1,3,3.17,0,False
245,25948,2026-08-24,Whitefield,Lunch,Olio Pizza,Swiggy,everything ice-cold by the time it came,Cold food,3,6,15.65,0,True
246,25976,2026-08-24,Whitefield,Lunch,EatFit,Swiggy,Took forever. Rider waited outside the kitchen for 20 minutes.,Late delivery,2,6,16.12,0,True
247,26093,2026-08-24,Whitefield,Dinner,Olio Pizza,Swiggy,Gravy leaked all over the bag.,Packaging or spill,3,7,13.82,0,False
248,26218,2026-08-24,Bellandur,Lunch,Millet Express,Call centre,Box was crushed and the idli plate was damaged.,Packaging or spill,1,6,10.91,0,False
249,26257,2026-08-24,Bellandur,Lunch,Sharief Bhai,Swiggy,raita gayab tha,Needs review,1,6,12.8,0,False
250,26340,2026-08-24,Bellandur,Dinner,Olio Pizza,Call centre,"The farmhouse pizza arrived cold, had to reheat it.",Cold food,4,7,15.67,0,True
251,26621,2026-08-24,Electronic City,Dinner,Olio Pizza,Swiggy,"Cold in the middle, clearly sat somewhere for a while.",Cold food,3,7,15.44,0,True
252,26771,2026-08-24,JP Nagar,Dinner,EatFit,Swiggy,Gravy leaked all over the bag.,Packaging or spill,3,7,7.66,0,False
253,26867,2026-08-24,JP Nagar,Late night,Sharief Bhai,Zomato,App kept showing 'preparing' for 30 minutes. Very slow.,Late delivery,6,3,16.06,0,True
254,26897,2026-08-24,Jayanagar,Lunch,EatFit,Zomato,"Overcooked and mushy, not good.",Taste or quality,1,6,5.18,0,False
255,26936,2026-08-24,Jayanagar,Lunch,Olio Pizza,Swiggy,App kept showing 'preparing' for 30 minutes. Very slow.,Late delivery,3,6,18.41,0,True
256,26974,2026-08-24,Jayanagar,Snacks,Millet Express,Zomato,"dosa was rubber, chutney sour",Needs review,1,3,6.19,0,False
257,27140,2026-08-24,Marathahalli,Lunch,Sharief Bhai,Swiggy,"Container lid broken, everything spilled.",Packaging or spill,1,6,6.39,0,False
258,27455,2026-08-24,Hebbal,Dinner,EatFit,Zomato,No oregano or chilli flakes sachets in the box.,Missing item,1,7,6.78,0,False
259,27765,2026-08-25,Koramangala,Dinner,Olio Pizza,Swiggy,"Paid for a combo, the drink was not in the bag.",Missing item,1,9,9.23,0,False
260,27825,2026-08-25,Koramangala,Late night,Sharief Bhai,Call centre,everything ice-cold by the time it came,Cold food,1,4,7.36,0,False
261,27830,2026-08-25,Koramangala,Late night,Frozen Bottle,Swiggy,Leaked through the bag onto my bike.,Packaging or spill,2,4,3.84,0,False
262,27838,2026-08-25,Koramangala,Late night,Olio Pizza,Zomato,Very little in the farmhouse pizza for the price.,Quantity,2,4,15.61,0,True
263,27948,2026-08-25,HSR Layout,Snacks,Olio Pizza,Swiggy,Order reached 50 minutes after the promised time.,Late delivery,3,3,17.95,0,True
264,28224,2026-08-25,Indiranagar,Snacks,EatFit,Zomato,Very little in the protein meal for the price.,Quantity,1,3,8.12,0,False
265,28391,2026-08-25,Whitefield,Lunch,Olio Pizza,Zomato,everything ice-cold by the time it came,Cold food,2,6,15.03,0,True
266,28846,2026-08-25,Bellandur,Late night,CakeZone,Zomato,my coke never came,Needs review,1,3,4.57,0,False
267,29011,2026-08-25,Electronic City,Dinner,Sharief Bhai,Zomato,Extra cheese charged but not added.,Missing item,2,7,7.25,0,False
268,29137,2026-08-25,JP Nagar,Lunch,EatFit,Zomato,Leaked through the bag onto my bike.,Packaging or spill,1,6,7.66,0,False
269,29223,2026-08-25,JP Nagar,Dinner,Olio Pizza,Swiggy,Order reached 45 minutes after the promised time.,Late delivery,4,7,16.04,0,True
270,29362,2026-08-25,Jayanagar,Lunch,CakeZone,Swiggy,"The jar cake arrived cold, had to reheat it.",Cold food,1,6,20.1,0,True
271,29422,2026-08-25,Jayanagar,Dinner,Frozen Bottle,Zomato,Extra cheese charged but not added.,Missing item,2,7,3.96,0,False
272,29463,2026-08-25,Jayanagar,Dinner,Olio Pizza,Zomato,everything ice-cold by the time it came,Cold food,3,7,15.76,0,True
273,29545,2026-08-25,Jayanagar,Late night,CakeZone,Swiggy,namak bahut zyada,Needs review,1,3,5.05,0,False
274,29890,2026-08-25,Hebbal,Snacks,EatFit,Zomato,Raita not included with the dal-rice bowl.,Missing item,1,3,6.05,0,False
275,29902,2026-08-25,Hebbal,Dinner,Sharief Bhai,Zomato,Raita not included with the chicken biryani.,Missing item,2,7,9.27,0,False
276,30315,2026-08-26,Koramangala,Late night,Sharief Bhai,Call centre,Biryani completely cold and rubbery.,Cold food,1,4,8.49,0,False
277,30389,2026-08-26,HSR Layout,Lunch,Olio Pizza,Zomato,"bhai 1 ghanta laga, kya kar rahe ho",Needs review,5,7,17.62,0,True
278,30399,2026-08-26,HSR Layout,Lunch,EatFit,Zomato,eta kept increasing every 5 min,Needs review,2,7,16.21,0,True
279,30427,2026-08-26,HSR Layout,Lunch,Olio Pizza,Zomato,One of the two items was not delivered.,Missing item,4,7,13.62,0,False
280,30512,2026-08-26,HSR Layout,Dinner,Olio Pizza,Swiggy,"pizza thanda tha, cheese hard",Needs review,5,8,16.04,0,True
281,30615,2026-08-26,Indiranagar,Breakfast,Millet Express,Zomato,this is not what i ordered at all,Needs review,2,2,8.09,0,False
282,30817,2026-08-26,Indiranagar,Dinner,Sharief Bhai,Call centre,Order reached 31 minutes after the promised time.,Late delivery,5,8,18.64,0,True
283,30871,2026-08-26,Indiranagar,Late night,CakeZone,Zomato,my coke never came,Needs review,1,3,4.32,0,False
284,30912,2026-08-26,Whitefield,Lunch,Sharief Bhai,Swiggy,Raita not included with the mutton biryani.,Missing item,3,6,9.13,0,False
285,31088,2026-08-26,Whitefield,Dinner,Sharief Bhai,Swiggy,"curry all over the bag, box was wet",Needs review,2,7,11.64,0,False
286,31184,2026-08-26,Bellandur,Lunch,Olio Pizza,Zomato,Waited almost an hour for a simple farmhouse pizza.,Late delivery,4,6,16.63,0,True
287,31487,2026-08-26,Electronic City,Snacks,Olio Pizza,Zomato,"Tasted stale, not like usual.",Taste or quality,3,3,10.29,0,False
288,31965,2026-08-26,Jayanagar,Dinner,Sharief Bhai,Swiggy,Mutton biryani was soggy and undercooked.,Taste or quality,2,7,8.74,0,False
289,31981,2026-08-26,Jayanagar,Dinner,Sharief Bhai,Swiggy,"curry all over the bag, box was wet",Needs review,1,7,8.35,0,False
290,32000,2026-08-26,Jayanagar,Dinner,Olio Pizza,Zomato,my coke never came,Needs review,3,7,12.61,0,False
291,32100,2026-08-26,Marathahalli,Lunch,EatFit,Swiggy,Portion was much smaller than usual.,Quantity,3,6,10.13,0,False
292,32111,2026-08-26,Marathahalli,Lunch,Olio Pizza,Call centre,"Ordered for a team dinner, food came after everyone left.",Late delivery,3,6,20.42,0,True
293,32293,2026-08-26,Hebbal,Lunch,Sharief Bhai,Swiggy,"curry all over the bag, box was wet",Needs review,1,6,7.11,0,False
294,32407,2026-08-26,Hebbal,Dinner,Olio Pizza,Call centre,Leaked through the bag onto my bike.,Packaging or spill,1,7,10.19,0,False
295,32504,2026-08-27,Koramangala,Lunch,Olio Pizza,Call centre,"food reached after ages, kids slept hungry",Needs review,4,8,16.09,0,True
296,32755,2026-08-27,Koramangala,Late night,Sharief Bhai,Zomato,"Cold in the middle, clearly sat somewhere for a while.",Cold food,2,4,8.62,0,False
297,32856,2026-08-27,HSR Layout,Lunch,Sharief Bhai,Swiggy,Order reached 49 minutes after the promised time.,Late delivery,4,7,19.06,0,True
298,32959,2026-08-27,HSR Layout,Dinner,Millet Express,Zomato,"Overcooked and mushy, not good.",Taste or quality,2,8,11.09,0,False
299,33399,2026-08-27,Whitefield,Lunch,EatFit,Zomato,Leaked through the bag onto my bike.,Packaging or spill,1,6,6.86,0,False
300,33702,2026-08-27,Bellandur,Dinner,EatFit,Swiggy,Garlic dip was missing from my order.,Missing item,2,7,9.32,0,False
301,33777,2026-08-27,Bellandur,Late night,Sharief Bhai,Zomato,Took forever. Rider waited outside the kitchen for 20 minutes.,Late delivery,3,3,17.81,0,True
302,33859,2026-08-27,Electronic City,Lunch,EatFit,Zomato,sabzi was 2 spoons,Needs review,3,6,14.38,0,False
303,33972,2026-08-27,Electronic City,Dinner,CakeZone,Swiggy,"Tasted stale, not like usual.",Taste or quality,1,7,3.62,0,False
304,34010,2026-08-27,JP Nagar,Breakfast,EatFit,Swiggy,"Ordered a thali, got something different.",Wrong item,1,2,6.33,0,False
305,34109,2026-08-27,JP Nagar,Snacks,CakeZone,Swiggy,Garlic dip was missing from my order.,Missing item,1,3,4.51,0,False
306,34137,2026-08-27,JP Nagar,Snacks,Olio Pizza,Zomato,Wrong size delivered.,Wrong item,1,3,8.36,0,False
307,34462,2026-08-27,Jayanagar,Late night,Olio Pizza,Swiggy,eta kept increasing every 5 min,Needs review,4,3,17.99,0,True
308,34475,2026-08-27,Jayanagar,Late night,Sharief Bhai,Swiggy,No oregano or chilli flakes sachets in the box.,Missing item,1,3,8.48,0,False
309,34603,2026-08-27,Marathahalli,Dinner,CakeZone,Zomato,Extra cheese charged but not added.,Missing item,1,7,4.61,0,False
310,34653,2026-08-27,Marathahalli,Dinner,CakeZone,Zomato,One of the two items was not delivered.,Missing item,2,7,4.6,0,False
311,34798,2026-08-27,Hebbal,Snacks,CakeZone,Swiggy,"order was cancelled after accepting, no cake",Missing item,1,3,4.64,0,False
312,34807,2026-08-27,Hebbal,Dinner,EatFit,Call centre,"Paid for a combo, the drink was not in the bag.",Missing item,1,7,6.73,0,False
313,34865,2026-08-27,Hebbal,Dinner,Olio Pizza,Zomato,Waited almost an hour for a simple garlic bread.,Late delivery,3,7,15.31,0,True
314,34899,2026-08-28,Koramangala,Breakfast,Millet Express,Call centre,my coke never came,Needs review,1,2,7.2,0,False
315,35067,2026-08-28,Koramangala,Dinner,Sharief Bhai,Zomato,"Paid for a combo, the drink was not in the bag.",Missing item,1,9,7.5,0,False
316,35166,2026-08-28,Koramangala,Late night,Sharief Bhai,Zomato,"The mutton biryani arrived cold, had to reheat it.",Cold food,3,4,9.27,0,False
317,35167,2026-08-28,Koramangala,Late night,Sharief Bhai,Swiggy,Food was lukewarm by the time it reached.,Cold food,1,4,6.13,0,False
318,35178,2026-08-28,Koramangala,Late night,Sharief Bhai,Zomato,"The biryani arrived cold, had to reheat it.",Cold food,1,4,8.4,0,False
319,35180,2026-08-28,Koramangala,Late night,Sharief Bhai,Call centre,Food was lukewarm by the time it reached.,Cold food,2,4,9.9,0,False
320,35181,2026-08-28,Koramangala,Late night,Sharief Bhai,Zomato,had to microwave the whole thing again,Needs review,3,4,8.46,0,False
321,35194,2026-08-28,Koramangala,Late night,CakeZone,Swiggy,Portion was much smaller than usual.,Quantity,1,4,4.98,0,False
322,35333,2026-08-28,HSR Layout,Dinner,Sharief Bhai,Zomato,"curry all over the bag, box was wet",Needs review,3,8,8.99,0,False
323,35474,2026-08-28,Indiranagar,Lunch,EatFit,Swiggy,namak bahut zyada,Needs review,2,7,7.75,0,False
324,35551,2026-08-28,Indiranagar,Lunch,Sharief Bhai,Zomato,raita gayab tha,Needs review,2,7,11.01,0,False
325,35580,2026-08-28,Indiranagar,Snacks,Frozen Bottle,Swiggy,delivery partner reached restaurant n waited 25 min for food,Late delivery,3,3,17.44,0,True
326,35650,2026-08-28,Indiranagar,Dinner,Sharief Bhai,Swiggy,One of the two items was not delivered.,Missing item,1,8,7.77,0,False
327,35666,2026-08-28,Indiranagar,Dinner,Sharief Bhai,Zomato,"ordered at 8.10 got it 9.05, unacceptable",Needs review,4,8,17.06,0,True
328,35673,2026-08-28,Indiranagar,Dinner,Sharief Bhai,Zomato,"bhai 1 ghanta laga, kya kar rahe ho",Needs review,3,8,15.95,0,True
329,35724,2026-08-28,Indiranagar,Dinner,EatFit,Zomato,namak bahut zyada,Needs review,1,8,6.16,0,False
330,35819,2026-08-28,Whitefield,Lunch,Sharief Bhai,Swiggy,my coke never came,Needs review,2,6,8.45,0,False
331,35849,2026-08-28,Whitefield,Lunch,EatFit,Swiggy,"Paid for a combo, the drink was not in the bag.",Missing item,3,6,8.87,0,False
332,36070,2026-08-28,Bellandur,Lunch,Sharief Bhai,Zomato,"The chicken biryani arrived cold, had to reheat it.",Cold food,4,6,18.79,0,True
333,36082,2026-08-28,Bellandur,Lunch,Sharief Bhai,Call centre,"Slow again from this outlet, third time this week.",Late delivery,3,6,16.36,0,True
334,36174,2026-08-28,Bellandur,Dinner,Olio Pizza,Zomato,Garlic bread completely cold and rubbery.,Cold food,2,7,19.39,0,True
335,36357,2026-08-28,Electronic City,Snacks,CakeZone,Zomato,"Half-filled container, felt cheated.",Quantity,2,3,5.05,0,False
336,36407,2026-08-28,Electronic City,Dinner,CakeZone,Zomato,"Ordered a truffle cake, got something different.",Wrong item,1,7,13.12,0,False
337,36410,2026-08-28,Electronic City,Dinner,Olio Pizza,Swiggy,delivery partner reached restaurant n waited 25 min for food,Late delivery,2,7,21.29,0,True
338,36415,2026-08-28,Electronic City,Dinner,Olio Pizza,Swiggy,"ordered at 8.10 got it 9.05, unacceptable",Needs review,3,7,15.34,0,True
339,36525,2026-08-28,JP Nagar,Lunch,Sharief Bhai,Zomato,namak bahut zyada,Needs review,2,6,11.26,0,False
340,36676,2026-08-28,JP Nagar,Dinner,EatFit,Zomato,"Tasted stale, not like usual.",Taste or quality,1,7,10.14,0,False
341,36678,2026-08-28,JP Nagar,Dinner,EatFit,Swiggy,"lid popped open, half the dal gone",Needs review,2,7,12.41,0,False
342,36883,2026-08-28,Jayanagar,Dinner,Olio Pizza,Swiggy,"ordered at 8.10 got it 9.05, unacceptable",Needs review,3,7,18.28,0,True
343,36888,2026-08-28,Jayanagar,Dinner,EatFit,Zomato,my coke never came,Needs review,3,7,9.17,0,False
344,37007,2026-08-28,Marathahalli,Breakfast,EatFit,Zomato,my coke never came,Needs review,2,2,8.65,0,False
345,37042,2026-08-28,Marathahalli,Lunch,EatFit,Swiggy,this is not what i ordered at all,Needs review,2,6,9.5,0,False
346,37178,2026-08-28,Marathahalli,Dinner,Olio Pizza,Zomato,"food reached after ages, kids slept hungry",Needs review,2,7,17.92,0,True
347,37187,2026-08-28,Marathahalli,Dinner,Olio Pizza,Swiggy,Order reached 33 minutes after the promised time.,Late delivery,2,7,25.46,0,True
348,37194,2026-08-28,Marathahalli,Dinner,Olio Pizza,Swiggy,Waited almost an hour for a simple garlic bread.,Late delivery,5,7,26.64,0,True
349,37344,2026-08-28,Hebbal,Snacks,CakeZone,Zomato,Garlic dip was missing from my order.,Missing item,2,3,4.68,0,False
350,37420,2026-08-28,Hebbal,Dinner,Sharief Bhai,Swiggy,"Container lid broken, everything spilled.",Packaging or spill,2,7,8.47,0,False
351,37450,2026-08-28,Hebbal,Dinner,CakeZone,Swiggy,"Oily and heavy, not what I expect from this brand.",Taste or quality,3,7,5.03,0,False
352,37486,2026-08-28,Hebbal,Late night,Olio Pizza,Zomato,Very little in the pizza for the price.,Quantity,1,3,9.24,0,False
353,37696,2026-08-29,Koramangala,Dinner,Sharief Bhai,Zomato,Waited almost an hour for a simple mutton biryani.,Late delivery,2,9,20.65,0,True
354,37704,2026-08-29,Koramangala,Dinner,Sharief Bhai,Swiggy,Took forever. Rider waited outside the kitchen for 20 minutes.,Late delivery,2,9,18.32,0,True
355,37764,2026-08-29,Koramangala,Late night,Sharief Bhai,Swiggy,"Cold in the middle, clearly sat somewhere for a while.",Cold food,1,4,7.9,0,False
356,37772,2026-08-29,Koramangala,Late night,Sharief Bhai,Zomato,"Cold in the middle, clearly sat somewhere for a while.",Cold food,1,4,8.42,0,False
357,37776,2026-08-29,Koramangala,Late night,Sharief Bhai,Zomato,Food was lukewarm by the time it reached.,Cold food,1,4,9.36,0,False
358,37795,2026-08-29,Koramangala,Late night,Sharief Bhai,Call centre,"biryani was like room temp, no steam at all",Needs review,1,4,8.81,0,False
359,37807,2026-08-29,Koramangala,Late night,Sharief Bhai,Swiggy,Biryani completely cold and rubbery.,Cold food,2,4,8.2,0,False
360,38030,2026-08-29,HSR Layout,Late night,Frozen Bottle,Swiggy,No oregano or chilli flakes sachets in the box.,Missing item,2,3,4.91,0,False
361,38049,2026-08-29,HSR Layout,Late night,Sharief Bhai,Zomato,namak bahut zyada,Needs review,2,3,12.03,0,False
362,38178,2026-08-29,Indiranagar,Dinner,Olio Pizza,Call centre,Order reached 44 minutes after the promised time.,Late delivery,3,8,15.02,0,True
363,38208,2026-08-29,Indiranagar,Dinner,Olio Pizza,Zomato,Received someone else's order.,Wrong item,1,8,11.83,0,False
364,38272,2026-08-29,Indiranagar,Late night,CakeZone,Zomato,Gravy leaked all over the bag.,Packaging or spill,1,3,4.07,0,False
365,38291,2026-08-29,Indiranagar,Late night,Olio Pizza,Zomato,Got veg instead of chicken.,Wrong item,2,3,15.13,0,True
366,38300,2026-08-29,Indiranagar,Late night,CakeZone,Zomato,Took forever. Rider waited outside the kitchen for 20 minutes.,Late delivery,3,3,18.95,0,True
367,38305,2026-08-29,Indiranagar,Late night,Olio Pizza,Swiggy,had to microwave the whole thing again,Needs review,1,3,26.64,0,True
368,38427,2026-08-29,Whitefield,Dinner,Olio Pizza,Zomato,"Cold in the middle, clearly sat somewhere for a while.",Cold food,4,7,15.67,0,True
369,38442,2026-08-29,Whitefield,Dinner,Olio Pizza,Swiggy,Order reached 53 minutes after the promised time.,Late delivery,5,7,15.16,0,True
370,38449,2026-08-29,Whitefield,Dinner,Sharief Bhai,Call centre,Raita not included with the mutton biryani.,Missing item,2,7,9.29,0,False
371,38691,2026-08-29,Bellandur,Dinner,Olio Pizza,Swiggy,"The farmhouse pizza arrived cold, had to reheat it.",Cold food,2,7,15.22,0,True
372,38874,2026-08-29,Electronic City,Dinner,EatFit,Swiggy,"Overcooked and mushy, not good.",Taste or quality,2,7,6.46,0,False
373,38928,2026-08-29,Electronic City,Dinner,Olio Pizza,Zomato,Rider said the kitchen was still preparing when he arrived.,Late delivery,4,7,23.11,0,True
374,38991,2026-08-29,Electronic City,Late night,CakeZone,Zomato,"Container lid broken, everything spilled.",Packaging or spill,2,3,6.19,0,False
375,39062,2026-08-29,JP Nagar,Lunch,Sharief Bhai,Call centre,this is not what i ordered at all,Needs review,1,6,7.75,0,False
376,39157,2026-08-29,JP Nagar,Dinner,Frozen Bottle,Swiggy,box half empty,Needs review,2,7,4.26,0,False
377,39201,2026-08-29,JP Nagar,Dinner,EatFit,Zomato,"ordered at 8.10 got it 9.05, unacceptable",Needs review,3,7,21.34,0,True
378,39206,2026-08-29,JP Nagar,Dinner,Frozen Bottle,Zomato,"Ordered for a team dinner, food came after everyone left.",Late delivery,2,7,16.94,0,True
379,39207,2026-08-29,JP Nagar,Dinner,Sharief Bhai,Swiggy,Order reached 55 minutes after the promised time.,Late delivery,2,7,20.43,0,True
380,39208,2026-08-29,JP Nagar,Dinner,Millet Express,Zomato,App kept showing 'preparing' for 30 minutes. Very slow.,Late delivery,1,7,19.24,0,True
381,39291,2026-08-29,Jayanagar,Lunch,Olio Pizza,Swiggy,Garlic dip was missing from my order.,Missing item,2,6,10.96,0,False
382,39778,2026-08-29,Hebbal,Lunch,EatFit,Zomato,my coke never came,Needs review,3,6,11.1,0,False
383,39784,2026-08-29,Hebbal,Lunch,EatFit,Zomato,Raita not included with the protein meal.,Missing item,2,6,8.75,0,False
384,40214,2026-08-30,Koramangala,Late night,Sharief Bhai,Swiggy,everything ice-cold by the time it came,Cold food,1,4,6.62,0,False
385,40228,2026-08-30,Koramangala,Late night,Sharief Bhai,Swiggy,Chicken biryani completely cold and rubbery.,Cold food,1,4,6.14,0,False
386,40247,2026-08-30,Koramangala,Late night,Sharief Bhai,Zomato,everything ice-cold by the time it came,Cold food,1,4,6.82,0,False
387,40360,2026-08-30,HSR Layout,Snacks,CakeZone,Swiggy,"Ordered a jar cake, got something different.",Wrong item,1,3,13.51,0,False
388,40441,2026-08-30,HSR Layout,Dinner,EatFit,Swiggy,this is not what i ordered at all,Needs review,1,8,7.67,0,False
389,41463,2026-08-30,Electronic City,Dinner,Sharief Bhai,Call centre,namak bahut zyada,Needs review,3,7,8.74,0,False
390,41504,2026-08-30,Electronic City,Late night,Sharief Bhai,Call centre,"Oily and heavy, not what I expect from this brand.",Taste or quality,1,3,8.51,0,False
391,41518,2026-08-30,Electronic City,Late night,Olio Pizza,Swiggy,Received someone else's order.,Wrong item,1,3,8.38,0,False
392,41552,2026-08-30,JP Nagar,Lunch,Sharief Bhai,Zomato,raita gayab tha,Needs review,3,6,11.63,0,False
393,41684,2026-08-30,JP Nagar,Dinner,Olio Pizza,Zomato,"Ordered for a team dinner, food came after everyone left.",Late delivery,4,7,16.42,0,True
394,41752,2026-08-30,Jayanagar,Breakfast,Millet Express,Zomato,"Half-filled container, felt cheated.",Quantity,1,2,6.38,0,False
395,41845,2026-08-30,Jayanagar,Snacks,Olio Pizza,Zomato,Rider said the kitchen was still preparing when he arrived.,Late delivery,2,3,15.33,0,True
396,41968,2026-08-30,Jayanagar,Late night,Olio Pizza,Swiggy,base was raw from inside,Needs review,3,3,15.91,0,True
397,42392,2026-08-30,Hebbal,Late night,CakeZone,Swiggy,Got veg instead of chicken.,Wrong item,2,3,6.05,0,False
398,42577,2026-08-31,Koramangala,Dinner,Olio Pizza,Call centre,Waited almost an hour for a simple garlic bread.,Late delivery,5,9,20.13,0,True
399,42638,2026-08-31,Koramangala,Late night,Sharief Bhai,Zomato,had to microwave the whole thing again,Needs review,2,4,10.09,0,False
400,42641,2026-08-31,Koramangala,Late night,Sharief Bhai,Zomato,"The chicken biryani arrived cold, had to reheat it.",Cold food,2,4,9.92,0,False
401,42645,2026-08-31,Koramangala,Late night,Sharief Bhai,Zomato,had to microwave the whole thing again,Needs review,2,4,13.09,0,False
402,42962,2026-08-31,Indiranagar,Lunch,EatFit,Swiggy,"lid popped open, half the dal gone",Needs review,1,7,5.36,0,False
403,43221,2026-08-31,Whitefield,Lunch,EatFit,Zomato,"Ordered for a team dinner, food came after everyone left.",Late delivery,2,6,20.3,0,True
404,43223,2026-08-31,Whitefield,Lunch,EatFit,Swiggy,Waited almost an hour for a simple thali.,Late delivery,2,6,16.37,0,True
405,43234,2026-08-31,Whitefield,Lunch,Olio Pizza,Zomato,"Ordered for a team dinner, food came after everyone left.",Late delivery,2,6,23.94,0,True
406,43242,2026-08-31,Whitefield,Lunch,EatFit,Swiggy,Took forever. Rider waited outside the kitchen for 20 minutes.,Late delivery,2,6,16.98,0,True
407,43244,2026-08-31,Whitefield,Lunch,Sharief Bhai,Zomato,"Ordered for a team dinner, food came after everyone left.",Late delivery,2,6,17.52,0,True
408,43319,2026-08-31,Whitefield,Dinner,Frozen Bottle,Call centre,Wrong size delivered.,Wrong item,4,7,5.47,0,False
409,43338,2026-08-31,Whitefield,Dinner,CakeZone,Zomato,namak bahut zyada,Needs review,1,7,5.97,0,False
410,43388,2026-08-31,Whitefield,Dinner,Sharief Bhai,Swiggy,my coke never came,Needs review,4,7,12.18,0,False
411,43392,2026-08-31,Whitefield,Dinner,CakeZone,Zomato,"Overcooked and mushy, not good.",Taste or quality,3,7,5.66,0,False
412,43465,2026-08-31,Bellandur,Lunch,Olio Pizza,Call centre,"Ordered a farmhouse pizza, got something different.",Wrong item,1,6,8.96,0,False
413,43621,2026-08-31,Bellandur,Late night,Olio Pizza,Zomato,One of the two items was not delivered.,Missing item,3,3,13.25,0,False
414,43748,2026-08-31,Electronic City,Dinner,Sharief Bhai,Swiggy,Leaked through the bag onto my bike.,Packaging or spill,2,7,8.35,0,False
415,43867,2026-08-31,JP Nagar,Lunch,EatFit,Swiggy,sabzi was 2 spoons,Needs review,3,6,9.58,0,False
416,43910,2026-08-31,JP Nagar,Lunch,Sharief Bhai,Swiggy,"Oily and heavy, not what I expect from this brand.",Taste or quality,3,6,10.35,0,False
417,43939,2026-08-31,JP Nagar,Snacks,CakeZone,Swiggy,Got veg instead of chicken.,Wrong item,2,3,5.71,0,False
418,43998,2026-08-31,JP Nagar,Dinner,EatFit,Zomato,my coke never came,Needs review,2,7,8.95,0,False
419,44073,2026-08-31,Jayanagar,Breakfast,Millet Express,Swiggy,Very little in the millet dosa for the price.,Quantity,2,2,8.76,0,False
420,44205,2026-08-31,Jayanagar,Dinner,Olio Pizza,Zomato,Received someone else's order.,Wrong item,2,7,8.58,0,False
421,44285,2026-08-31,Marathahalli,Lunch,Olio Pizza,Swiggy,App kept showing 'preparing' for 30 minutes. Very slow.,Late delivery,5,6,20.21,0,True
422,44467,2026-08-31,Marathahalli,Dinner,Sharief Bhai,Swiggy,this is not what i ordered at all,Needs review,1,7,8.22,0,False
423,44710,2026-09-01,Koramangala,Lunch,EatFit,Call centre,Dal-rice bowl was soggy and undercooked.,Taste or quality,1,8,6.94,0,False
424,44821,2026-09-01,Koramangala,Dinner,Olio Pizza,Zomato,"pizza thanda tha, cheese hard",Needs review,4,9,16.47,0,True
425,44845,2026-09-01,Koramangala,Dinner,EatFit,Swiggy,Wrong size delivered.,Wrong item,4,9,13.12,0,False
426,44923,2026-09-01,Koramangala,Late night,Sharief Bhai,Call centre,Food was lukewarm by the time it reached.,Cold food,2,4,8.85,0,False
427,44938,2026-09-01,Koramangala,Late night,Sharief Bhai,Swiggy,had to microwave the whole thing again,Needs review,1,4,9.59,0,False
428,44939,2026-09-01,Koramangala,Late night,Sharief Bhai,Call centre,"The chicken biryani arrived cold, had to reheat it.",Cold food,1,4,6.95,0,False
429,45048,2026-09-01,HSR Layout,Snacks,CakeZone,Call centre,"Oily and heavy, not what I expect from this brand.",Taste or quality,1,3,4.67,0,False
430,45108,2026-09-01,HSR Layout,Dinner,Olio Pizza,Call centre,"ordered at 8.10 got it 9.05, unacceptable",Needs review,1,8,15.91,0,True
431,45130,2026-09-01,HSR Layout,Dinner,Sharief Bhai,Zomato,namak bahut zyada,Needs review,1,8,7.97,0,False
432,45225,2026-09-01,Indiranagar,Lunch,EatFit,Zomato,Leaked through the bag onto my bike.,Packaging or spill,1,7,6.22,0,False
433,45399,2026-09-01,Indiranagar,Dinner,Olio Pizza,Swiggy,"Slow again from this outlet, third time this week.",Late delivery,4,8,15.67,0,True
434,45530,2026-09-01,Whitefield,Snacks,CakeZone,Swiggy,"Half-filled container, felt cheated.",Quantity,1,3,4.51,0,False
435,45668,2026-09-01,Bellandur,Lunch,EatFit,Zomato,dal had no flavour at all,Needs review,2,6,8.41,0,False
436,45827,2026-09-01,Bellandur,Late night,EatFit,Swiggy,The dal-rice bowl was too salty today.,Taste or quality,1,3,4.98,0,False
437,45842,2026-09-01,Bellandur,Late night,CakeZone,Swiggy,namak bahut zyada,Needs review,1,3,4.78,0,False
438,46044,2026-09-01,Electronic City,Dinner,Sharief Bhai,Zomato,"curry all over the bag, box was wet",Needs review,1,7,9.02,0,False
439,46228,2026-09-01,JP Nagar,Dinner,Sharief Bhai,Swiggy,paid 349 for a handful of rice,Needs review,1,7,8.18,0,False
440,46314,2026-09-01,Jayanagar,Lunch,EatFit,Call centre,Got veg instead of chicken.,Wrong item,3,6,12.18,0,False
441,46513,2026-09-01,Jayanagar,Late night,Olio Pizza,Swiggy,had to microwave the whole thing again,Needs review,3,3,17.33,0,True
442,46557,2026-09-01,Marathahalli,Lunch,EatFit,Zomato,One of the two items was not delivered.,Missing item,1,6,5.8,0,False
443,46638,2026-09-01,Marathahalli,Dinner,Sharief Bhai,Zomato,"Cold in the middle, clearly sat somewhere for a while.",Cold food,3,7,15.45,0,True
444,46645,2026-09-01,Marathahalli,Dinner,Olio Pizza,Swiggy,Garlic dip was missing from my order.,Missing item,1,7,9.43,0,False
445,46803,2026-09-01,Hebbal,Lunch,CakeZone,Zomato,namak bahut zyada,Needs review,2,6,5.19,0,False
446,46829,2026-09-01,Hebbal,Lunch,EatFit,Swiggy,namak bahut zyada,Needs review,3,6,6.58,0,False
447,47216,2026-09-02,Koramangala,Late night,Sharief Bhai,Swiggy,Biryani completely cold and rubbery.,Cold food,2,4,9.32,0,False
448,47240,2026-09-02,Koramangala,Late night,Sharief Bhai,Zomato,"Cold in the middle, clearly sat somewhere for a while.",Cold food,1,4,10.08,0,False
449,47300,2026-09-02,HSR Layout,Lunch,Millet Express,Zomato,"Ordered a millet dosa, got something different.",Wrong item,1,7,6.53,0,False
450,47350,2026-09-02,HSR Layout,Snacks,Olio Pizza,Zomato,Raita not included with the pizza.,Missing item,1,3,8.75,0,False
451,47702,2026-09-02,Indiranagar,Dinner,Olio Pizza,Call centre,Took forever. Rider waited outside the kitchen for 20 minutes.,Late delivery,3,8,16.39,0,True
452,47716,2026-09-02,Indiranagar,Dinner,Sharief Bhai,Call centre,The mutton biryani was too salty today.,Taste or quality,3,8,11.75,0,False
453,47740,2026-09-02,Indiranagar,Dinner,Olio Pizza,Swiggy,"Ordered for a team dinner, food came after everyone left.",Late delivery,3,8,15.61,0,True
454,48012,2026-09-02,Bellandur,Lunch,EatFit,Zomato,box half empty,Needs review,2,6,9.23,0,False
455,48091,2026-09-02,Bellandur,Snacks,Olio Pizza,Zomato,Rider said the kitchen was still preparing when he arrived.,Late delivery,3,3,15.63,0,True
456,48283,2026-09-02,Electronic City,Lunch,EatFit,Zomato,Waited almost an hour for a simple dal-rice bowl.,Late delivery,2,6,15.6,0,True
457,48284,2026-09-02,Electronic City,Lunch,EatFit,Swiggy,"bhai 1 ghanta laga, kya kar rahe ho",Needs review,3,6,17.74,0,True
458,48772,2026-09-02,Jayanagar,Dinner,Sharief Bhai,Call centre,Waited almost an hour for a simple mutton biryani.,Late delivery,4,7,15.63,0,True
459,48839,2026-09-02,Jayanagar,Late night,CakeZone,Zomato,Extra cheese charged but not added.,Missing item,1,3,5.65,0,False
460,48897,2026-09-02,Marathahalli,Lunch,Olio Pizza,Swiggy,Rider said the kitchen was still preparing when he arrived.,Late delivery,4,6,15.3,0,True
461,48961,2026-09-02,Marathahalli,Dinner,Olio Pizza,Zomato,Garlic bread completely cold and rubbery.,Cold food,4,7,15.7,0,True
462,49140,2026-09-02,Hebbal,Lunch,CakeZone,Call centre,"Half-filled container, felt cheated.",Quantity,1,6,3.93,0,False
463,49524,2026-09-03,Koramangala,Late night,Sharief Bhai,Zomato,"Cold in the middle, clearly sat somewhere for a while.",Cold food,2,4,9.43,0,False
464,49733,2026-09-03,HSR Layout,Dinner,Millet Express,Zomato,this is not what i ordered at all,Needs review,2,8,8.74,0,False
465,49745,2026-09-03,HSR Layout,Dinner,EatFit,Zomato,"Ordered a thali, got something different.",Wrong item,2,8,7.53,0,False
466,49955,2026-09-03,Indiranagar,Dinner,Olio Pizza,Zomato,"Tasted stale, not like usual.",Taste or quality,2,8,15.48,0,True
467,49992,2026-09-03,Indiranagar,Dinner,CakeZone,Swiggy,my coke never came,Needs review,4,8,7.78,0,False
468,50115,2026-09-03,Whitefield,Lunch,Olio Pizza,Zomato,"Slow again from this outlet, third time this week.",Late delivery,3,6,15.22,0,True
469,50348,2026-09-03,Bellandur,Lunch,Olio Pizza,Swiggy,"Ordered for a team dinner, food came after everyone left.",Late delivery,3,6,16.29,0,True
470,50449,2026-09-03,Bellandur,Dinner,CakeZone,Call centre,namak bahut zyada,Needs review,1,7,4.54,0,False
471,50477,2026-09-03,Bellandur,Dinner,Frozen Bottle,Zomato,Garlic dip was missing from my order.,Missing item,2,7,4.04,0,False
472,50625,2026-09-03,Electronic City,Snacks,EatFit,Zomato,The thali was too salty today.,Taste or quality,1,3,6.87,0,False
473,50648,2026-09-03,Electronic City,Dinner,Olio Pizza,Swiggy,No oregano or chilli flakes sachets in the box.,Missing item,1,7,10.7,0,False
474,50724,2026-09-03,Electronic City,Dinner,EatFit,Swiggy,Leaked through the bag onto my bike.,Packaging or spill,2,7,7.53,0,False
475,51009,2026-09-03,Jayanagar,Lunch,Olio Pizza,Swiggy,"bhai 1 ghanta laga, kya kar rahe ho",Needs review,5,6,16.38,0,True
476,51025,2026-09-03,Jayanagar,Lunch,Millet Express,Zomato,"curry all over the bag, box was wet",Needs review,1,6,7.62,0,False
477,51097,2026-09-03,Jayanagar,Snacks,Olio Pizza,Zomato,Garlic bread completely cold and rubbery.,Cold food,4,3,16.59,0,True
478,51846,2026-09-04,Koramangala,Dinner,Olio Pizza,Call centre,Took forever. Rider waited outside the kitchen for 20 minutes.,Late delivery,2,9,15.24,0,True
479,51860,2026-09-04,Koramangala,Dinner,Sharief Bhai,Swiggy,The mutton biryani was too salty today.,Taste or quality,2,9,8.38,0,False
480,51949,2026-09-04,Koramangala,Dinner,Olio Pizza,Zomato,Waited almost an hour for a simple pizza.,Late delivery,1,9,17.09,0,True
481,52003,2026-09-04,Koramangala,Late night,Sharief Bhai,Swiggy,"Cold in the middle, clearly sat somewhere for a while.",Cold food,2,4,7.36,0,False
482,52010,2026-09-04,Koramangala,Late night,Sharief Bhai,Swiggy,"Cold in the middle, clearly sat somewhere for a while.",Cold food,6,4,14.33,0,False
483,52020,2026-09-04,Koramangala,Late night,Sharief Bhai,Swiggy,Food was lukewarm by the time it reached.,Cold food,1,4,8.3,0,False
484,52142,2026-09-04,HSR Layout,Lunch,Sharief Bhai,Zomato,paid 349 for a handful of rice,Needs review,3,7,12.9,0,False
485,52429,2026-09-04,Indiranagar,Lunch,EatFit,Swiggy,"Oily and heavy, not what I expect from this brand.",Taste or quality,1,7,6.47,0,False
486,52448,2026-09-04,Indiranagar,Lunch,EatFit,Swiggy,namak bahut zyada,Needs review,1,7,9.13,0,False
487,52574,2026-09-04,Indiranagar,Dinner,Sharief Bhai,Zomato,"curry all over the bag, box was wet",Needs review,1,8,5.82,0,False
488,52657,2026-09-04,Indiranagar,Late night,Olio Pizza,Call centre,"Ordered for a team dinner, food came after everyone left.",Late delivery,5,3,17.95,0,True
489,52688,2026-09-04,Whitefield,Breakfast,Frozen Bottle,Zomato,Got veg instead of chicken.,Wrong item,2,2,3.82,0,False
490,52737,2026-09-04,Whitefield,Lunch,Sharief Bhai,Zomato,Leaked through the bag onto my bike.,Packaging or spill,1,6,5.94,0,False
491,52738,2026-09-04,Whitefield,Lunch,Millet Express,Swiggy,"Overcooked and mushy, not good.",Taste or quality,3,6,9.94,0,False
492,52773,2026-09-04,Whitefield,Lunch,EatFit,Zomato,Garlic dip was missing from my order.,Missing item,2,6,10.55,0,False
493,52858,2026-09-04,Whitefield,Dinner,Olio Pizza,Swiggy,Order reached 49 minutes after the promised time.,Late delivery,2,7,18.59,0,True
494,52870,2026-09-04,Whitefield,Dinner,Olio Pizza,Zomato,No oregano or chilli flakes sachets in the box.,Missing item,2,7,13.76,0,False
495,53018,2026-09-04,Bellandur,Lunch,Olio Pizza,Swiggy,had to microwave the whole thing again,Needs review,2,6,19.64,0,True
496,53237,2026-09-04,Bellandur,Late night,Sharief Bhai,Zomato,"curry all over the bag, box was wet",Needs review,4,3,11.04,0,False
497,53342,2026-09-04,Electronic City,Snacks,Frozen Bottle,Zomato,Garlic dip was missing from my order.,Missing item,3,3,4.13,0,False
498,53481,2026-09-04,Electronic City,Dinner,Sharief Bhai,Swiggy,No oregano or chilli flakes sachets in the box.,Missing item,1,7,6.88,0,False
499,53653,2026-09-04,JP Nagar,Dinner,Sharief Bhai,Swiggy,"Paid for a combo, the drink was not in the bag.",Missing item,1,7,7.92,0,False
500,53842,2026-09-04,Jayanagar,Snacks,EatFit,Zomato,"Oily and heavy, not what I expect from this brand.",Taste or quality,3,3,8.24,0,False
501,53855,2026-09-04,Jayanagar,Snacks,Millet Express,Zomato,"Overcooked and mushy, not good.",Taste or quality,2,3,9.39,0,False
502,54069,2026-09-04,Marathahalli,Lunch,Olio Pizza,Swiggy,"food reached after ages, kids slept hungry",Needs review,6,6,26.65,0,True
503,54070,2026-09-04,Marathahalli,Lunch,EatFit,Swiggy,had to microwave the whole thing again,Needs review,3,6,22.79,0,True
504,54074,2026-09-04,Marathahalli,Lunch,EatFit,Call centre,Food was lukewarm by the time it reached.,Cold food,2,6,23.66,0,True
505,54078,2026-09-04,Marathahalli,Lunch,EatFit,Zomato,Food was lukewarm by the time it reached.,Cold food,2,6,19.85,0,True
506,54083,2026-09-04,Marathahalli,Lunch,EatFit,Swiggy,"Slow again from this outlet, third time this week.",Late delivery,3,6,22.39,0,True
507,54088,2026-09-04,Marathahalli,Lunch,Sharief Bhai,Swiggy,Leaked through the bag onto my bike.,Packaging or spill,1,6,18.94,0,True
508,54094,2026-09-04,Marathahalli,Lunch,EatFit,Call centre,eta kept increasing every 5 min,Needs review,1,6,17.86,0,True
509,54203,2026-09-04,Marathahalli,Dinner,Olio Pizza,Swiggy,everything ice-cold by the time it came,Cold food,1,7,15.35,0,True
510,54232,2026-09-04,Marathahalli,Dinner,EatFit,Swiggy,The dal-rice bowl was too salty today.,Taste or quality,1,7,11.42,0,False
511,54281,2026-09-04,Marathahalli,Late night,Sharief Bhai,Zomato,Gravy leaked all over the bag.,Packaging or spill,3,3,7.76,0,False
512,54428,2026-09-04,Hebbal,Dinner,Olio Pizza,Swiggy,App kept showing 'preparing' for 30 minutes. Very slow.,Late delivery,2,7,15.03,0,True
513,54691,2026-09-05,Koramangala,Dinner,Sharief Bhai,Swiggy,"Container lid broken, everything spilled.",Packaging or spill,2,9,11.15,0,False
514,54799,2026-09-05,Koramangala,Late night,Sharief Bhai,Zomato,Biryani completely cold and rubbery.,Cold food,1,4,6.9,0,False
515,54803,2026-09-05,Koramangala,Late night,Olio Pizza,Swiggy,Very little in the garlic bread for the price.,Quantity,1,4,9.93,0,False
516,54806,2026-09-05,Koramangala,Late night,Sharief Bhai,Swiggy,Food was lukewarm by the time it reached.,Cold food,3,4,10.87,0,False
517,54828,2026-09-05,HSR Layout,Breakfast,Millet Express,Zomato,Food was lukewarm by the time it reached.,Cold food,4,2,15.41,0,True
518,54884,2026-09-05,HSR Layout,Lunch,Sharief Bhai,Zomato,No oregano or chilli flakes sachets in the box.,Missing item,2,7,10.32,0,False
519,54985,2026-09-05,HSR Layout,Dinner,Olio Pizza,Zomato,Very little in the farmhouse pizza for the price.,Quantity,2,8,15.58,0,True
520,55074,2026-09-05,HSR Layout,Dinner,Sharief Bhai,Zomato,"Ordered for a team dinner, food came after everyone left.",Late delivery,5,8,17.27,0,True
521,55152,2026-09-05,Indiranagar,Lunch,Sharief Bhai,Swiggy,"Overcooked and mushy, not good.",Taste or quality,2,7,10.34,0,False
522,55316,2026-09-05,Indiranagar,Dinner,Olio Pizza,Zomato,Food was lukewarm by the time it reached.,Cold food,1,8,15.03,0,True
523,55731,2026-09-05,Bellandur,Snacks,Frozen Bottle,Swiggy,namak bahut zyada,Needs review,2,3,4.04,0,False
524,55767,2026-09-05,Bellandur,Dinner,Sharief Bhai,Zomato,namak bahut zyada,Needs review,1,7,8.41,0,False
525,55787,2026-09-05,Bellandur,Dinner,Sharief Bhai,Swiggy,No oregano or chilli flakes sachets in the box.,Missing item,1,7,7.85,0,False
526,55812,2026-09-05,Bellandur,Dinner,Sharief Bhai,Swiggy,"Cold in the middle, clearly sat somewhere for a while.",Cold food,1,7,15.94,0,True
527,55832,2026-09-05,Bellandur,Dinner,EatFit,Zomato,"bhai 1 ghanta laga, kya kar rahe ho",Needs review,2,7,15.83,0,True
528,55843,2026-09-05,Bellandur,Dinner,Sharief Bhai,Call centre,Took forever. Rider waited outside the kitchen for 20 minutes.,Late delivery,4,7,15.26,0,True
529,56119,2026-09-05,Electronic City,Late night,Olio Pizza,Zomato,Got veg instead of chicken.,Wrong item,1,3,9.45,0,False
530,56201,2026-09-05,JP Nagar,Snacks,CakeZone,Call centre,Box was crushed and the truffle cake was damaged.,Packaging or spill,2,3,3.81,0,False
531,56278,2026-09-05,JP Nagar,Dinner,EatFit,Swiggy,Food was lukewarm by the time it reached.,Cold food,3,7,16.5,0,True
532,56479,2026-09-05,Jayanagar,Dinner,Olio Pizza,Zomato,Order reached 29 minutes after the promised time.,Late delivery,2,7,15.17,0,True
533,56480,2026-09-05,Jayanagar,Dinner,Olio Pizza,Swiggy,Order reached 57 minutes after the promised time.,Late delivery,3,7,18.69,0,True
534,56509,2026-09-05,Jayanagar,Dinner,EatFit,Zomato,"Tasted stale, not like usual.",Taste or quality,2,7,8.09,0,False
535,56538,2026-09-05,Jayanagar,Dinner,Millet Express,Swiggy,"ordered at 8.10 got it 9.05, unacceptable",Needs review,2,7,18.38,0,True
536,56543,2026-09-05,Jayanagar,Dinner,Sharief Bhai,Swiggy,App kept showing 'preparing' for 30 minutes. Very slow.,Late delivery,1,7,21.17,0,True
537,56548,2026-09-05,Jayanagar,Dinner,Olio Pizza,Zomato,App kept showing 'preparing' for 30 minutes. Very slow.,Late delivery,1,7,21.66,0,True
538,56549,2026-09-05,Jayanagar,Dinner,CakeZone,Call centre,"Ordered for a team dinner, food came after everyone left.",Late delivery,1,7,16.63,0,True
539,56876,2026-09-05,Hebbal,Lunch,CakeZone,Swiggy,this is not what i ordered at all,Needs review,1,6,4.41,0,False
540,56988,2026-09-05,Hebbal,Dinner,Olio Pizza,Swiggy,Took forever. Rider waited outside the kitchen for 20 minutes.,Late delivery,2,7,19.69,0,True
541,56989,2026-09-05,Hebbal,Dinner,Sharief Bhai,Swiggy,"Ordered for a team dinner, food came after everyone left.",Late delivery,3,7,18.99,0,True
542,57198,2026-09-06,Koramangala,Snacks,Olio Pizza,Zomato,box half empty,Needs review,2,4,12.46,0,False
543,57353,2026-09-06,Koramangala,Dinner,Olio Pizza,Zomato,"Paid for a combo, the drink was not in the bag.",Missing item,2,9,9.69,0,False
544,57391,2026-09-06,Koramangala,Late night,Sharief Bhai,Zomato,everything ice-cold by the time it came,Cold food,1,4,7.78,0,False
545,57410,2026-09-06,Koramangala,Late night,Sharief Bhai,Swiggy,had to microwave the whole thing again,Needs review,2,4,8.54,0,False
546,57424,2026-09-06,Koramangala,Late night,Sharief Bhai,Zomato,"The mutton biryani arrived cold, had to reheat it.",Cold food,1,4,6.19,0,False
547,57531,2026-09-06,HSR Layout,Snacks,EatFit,Swiggy,namak bahut zyada,Needs review,1,3,6.13,0,False
548,57643,2026-09-06,HSR Layout,Dinner,EatFit,Swiggy,Took forever. Rider waited outside the kitchen for 20 minutes.,Late delivery,3,8,20.76,0,True
549,57662,2026-09-06,HSR Layout,Dinner,Sharief Bhai,Swiggy,Took forever. Rider waited outside the kitchen for 20 minutes.,Late delivery,3,8,16.38,0,True
550,57669,2026-09-06,HSR Layout,Dinner,Sharief Bhai,Swiggy,biryani smelled off,Needs review,2,8,16.32,0,True
551,57672,2026-09-06,HSR Layout,Dinner,Olio Pizza,Zomato,Took forever. Rider waited outside the kitchen for 20 minutes.,Late delivery,2,8,21.78,0,True
552,58007,2026-09-06,Indiranagar,Dinner,Olio Pizza,Zomato,Waited almost an hour for a simple pizza.,Late delivery,3,8,23.07,0,True
553,58055,2026-09-06,Indiranagar,Late night,Sharief Bhai,Zomato,"Tasted stale, not like usual.",Taste or quality,1,3,6.74,0,False
554,58111,2026-09-06,Whitefield,Lunch,Millet Express,Swiggy,"Tasted stale, not like usual.",Taste or quality,1,6,6.1,0,False
555,58328,2026-09-06,Bellandur,Breakfast,Millet Express,Zomato,One of the two items was not delivered.,Missing item,2,2,8.03,0,False
556,58878,2026-09-06,JP Nagar,Lunch,EatFit,Zomato,Gravy leaked all over the bag.,Packaging or spill,1,6,7.13,0,False
557,58995,2026-09-06,JP Nagar,Dinner,Olio Pizza,Call centre,Waited almost an hour for a simple garlic bread.,Late delivery,4,7,20.0,0,True
558,59048,2026-09-06,JP Nagar,Dinner,Sharief Bhai,Zomato,App kept showing 'preparing' for 30 minutes. Very slow.,Late delivery,3,7,26.65,0,True
559,59052,2026-09-06,JP Nagar,Dinner,Olio Pizza,Zomato,Rider said the kitchen was still preparing when he arrived.,Late delivery,1,7,22.03,0,True
560,59062,2026-09-06,JP Nagar,Dinner,Millet Express,Call centre,Order reached 48 minutes after the promised time.,Late delivery,1,7,18.43,0,True
561,59065,2026-09-06,JP Nagar,Dinner,EatFit,Call centre,Protein meal completely cold and rubbery.,Cold food,1,7,21.85,0,True
562,59171,2026-09-06,Jayanagar,Lunch,Sharief Bhai,Zomato,paid 349 for a handful of rice,Needs review,1,6,7.7,0,False
563,59241,2026-09-06,Jayanagar,Dinner,Olio Pizza,Swiggy,"Oily and heavy, not what I expect from this brand.",Taste or quality,4,7,16.38,0,True
564,59539,2026-09-06,Marathahalli,Dinner,Olio Pizza,Swiggy,"pizza thanda tha, cheese hard",Needs review,2,7,16.6,0,True
565,59548,2026-09-06,Marathahalli,Dinner,EatFit,Call centre,Extra cheese charged but not added.,Missing item,1,7,7.0,0,False
566,59577,2026-09-06,Marathahalli,Dinner,EatFit,Zomato,Order reached 31 minutes after the promised time.,Late delivery,1,7,15.51,0,True
567,59590,2026-09-06,Marathahalli,Dinner,Sharief Bhai,Zomato,Chicken biryani completely cold and rubbery.,Cold food,2,7,16.43,0,True
568,59597,2026-09-06,Marathahalli,Dinner,CakeZone,Swiggy,"curry all over the bag, box was wet",Needs review,3,7,12.19,0,False
569,59611,2026-09-06,Marathahalli,Dinner,Sharief Bhai,Call centre,"bhai 1 ghanta laga, kya kar rahe ho",Needs review,2,7,18.11,0,True
570,59639,2026-09-06,Marathahalli,Dinner,Sharief Bhai,Swiggy,namak bahut zyada,Needs review,2,7,8.04,0,False
571,59972,2026-09-07,Koramangala,Lunch,EatFit,Call centre,Box was crushed and the protein meal was damaged.,Packaging or spill,3,8,8.12,0,False
572,59992,2026-09-07,Koramangala,Lunch,Sharief Bhai,Zomato,my coke never came,Needs review,1,8,7.93,0,False
573,60237,2026-09-07,Koramangala,Late night,Sharief Bhai,Swiggy,"biryani was like room temp, no steam at all",Needs review,2,4,8.6,0,False
574,60258,2026-09-07,HSR Layout,Breakfast,EatFit,Zomato,dal had no flavour at all,Needs review,1,2,5.96,0,False
575,60286,2026-09-07,HSR Layout,Lunch,CakeZone,Zomato,"Overcooked and mushy, not good.",Taste or quality,2,7,6.07,0,False
576,60318,2026-09-07,HSR Layout,Lunch,EatFit,Swiggy,"curry all over the bag, box was wet",Needs review,2,7,11.63,0,False
577,60411,2026-09-07,HSR Layout,Dinner,Olio Pizza,Zomato,namak bahut zyada,Needs review,1,8,10.25,0,False
578,60412,2026-09-07,HSR Layout,Dinner,Olio Pizza,Zomato,Order reached 41 minutes after the promised time.,Late delivery,3,8,16.57,0,True
579,60447,2026-09-07,HSR Layout,Dinner,Olio Pizza,Swiggy,"food reached after ages, kids slept hungry",Needs review,4,8,19.69,0,True
580,60483,2026-09-07,HSR Layout,Dinner,EatFit,Zomato,box half empty,Needs review,2,8,9.04,0,False
581,60635,2026-09-07,Indiranagar,Lunch,EatFit,Zomato,my coke never came,Needs review,2,7,7.66,0,False
582,60847,2026-09-07,Whitefield,Lunch,EatFit,Swiggy,"Tasted stale, not like usual.",Taste or quality,2,6,7.94,0,False
583,60888,2026-09-07,Whitefield,Lunch,EatFit,Zomato,Protein meal was soggy and undercooked.,Taste or quality,2,6,7.95,0,False
584,61018,2026-09-07,Whitefield,Dinner,EatFit,Swiggy,Wrong size delivered.,Wrong item,2,7,7.65,0,False
585,61096,2026-09-07,Bellandur,Breakfast,Millet Express,Zomato,Rider said the kitchen was still preparing when he arrived.,Late delivery,3,2,17.38,0,True
586,61421,2026-09-07,Electronic City,Snacks,Millet Express,Swiggy,Extra cheese charged but not added.,Missing item,1,3,9.13,0,False
587,61542,2026-09-07,Electronic City,Late night,Sharief Bhai,Swiggy,One of the two items was not delivered.,Missing item,4,3,12.18,0,False
588,61601,2026-09-07,JP Nagar,Lunch,EatFit,Call centre,"Ordered a protein meal, got something different.",Wrong item,5,6,12.0,0,False
589,61636,2026-09-07,JP Nagar,Lunch,Sharief Bhai,Swiggy,"curry all over the bag, box was wet",Needs review,3,6,8.39,0,False
590,61693,2026-09-07,JP Nagar,Dinner,Olio Pizza,Swiggy,Leaked through the bag onto my bike.,Packaging or spill,1,7,8.4,0,False
591,61723,2026-09-07,JP Nagar,Dinner,Sharief Bhai,Zomato,"got paneer, i asked for chicken",Needs review,2,7,8.8,0,False
592,61769,2026-09-07,JP Nagar,Late night,Sharief Bhai,Swiggy,Chicken biryani was soggy and undercooked.,Taste or quality,2,3,8.99,0,False
593,61999,2026-09-07,Jayanagar,Dinner,EatFit,Zomato,"curry all over the bag, box was wet",Needs review,1,7,5.6,0,False
594,62031,2026-09-07,Jayanagar,Late night,Olio Pizza,Swiggy,"Cold in the middle, clearly sat somewhere for a while.",Cold food,2,3,15.17,0,True
595,62049,2026-09-07,Marathahalli,Breakfast,EatFit,Zomato,my coke never came,Needs review,1,2,6.81,0,False
596,62181,2026-09-07,Marathahalli,Dinner,CakeZone,Zomato,"Oily and heavy, not what I expect from this brand.",Taste or quality,2,7,11.4,0,False
597,62346,2026-09-07,Hebbal,Lunch,Sharief Bhai,Call centre,Waited almost an hour for a simple mutton biryani.,Late delivery,2,6,15.37,0,True
598,62361,2026-09-07,Hebbal,Lunch,EatFit,Zomato,"Slow again from this outlet, third time this week.",Late delivery,2,6,15.79,0,True
599,62367,2026-09-07,Hebbal,Lunch,EatFit,Zomato,The dal-rice bowl was too salty today.,Taste or quality,2,6,11.95,0,False
600,62380,2026-09-07,Hebbal,Lunch,Sharief Bhai,Call centre,namak bahut zyada,Needs review,5,6,13.24,0,False
601,62624,2026-09-08,Koramangala,Lunch,Sharief Bhai,Swiggy,One of the two items was not delivered.,Missing item,2,8,9.55,0,False
602,62678,2026-09-08,Koramangala,Dinner,Olio Pizza,Swiggy,"curry all over the bag, box was wet",Needs review,1,9,11.14,0,False
603,62778,2026-09-08,Koramangala,Late night,Sharief Bhai,Swiggy,"The biryani arrived cold, had to reheat it.",Cold food,1,4,7.57,0,False
604,62780,2026-09-08,Koramangala,Late night,Sharief Bhai,Zomato,raita gayab tha,Needs review,2,4,9.82,0,False
605,62783,2026-09-08,Koramangala,Late night,Sharief Bhai,Zomato,"Paid for a combo, the drink was not in the bag.",Missing item,1,4,7.48,0,False
606,62793,2026-09-08,Koramangala,Late night,Sharief Bhai,Zomato,"biryani was like room temp, no steam at all",Needs review,3,4,13.95,0,False
607,62794,2026-09-08,Koramangala,Late night,Sharief Bhai,Swiggy,Chicken biryani completely cold and rubbery.,Cold food,1,4,8.45,0,False
608,62800,2026-09-08,Koramangala,Late night,Sharief Bhai,Swiggy,Food was lukewarm by the time it reached.,Cold food,1,4,6.64,0,False
609,62801,2026-09-08,Koramangala,Late night,Sharief Bhai,Zomato,everything ice-cold by the time it came,Cold food,2,4,14.23,0,False
610,62931,2026-09-08,HSR Layout,Dinner,Olio Pizza,Zomato,eta kept increasing every 5 min,Needs review,4,8,15.1,0,True
611,62939,2026-09-08,HSR Layout,Dinner,Millet Express,Zomato,namak bahut zyada,Needs review,2,8,9.22,0,False
612,63038,2026-09-08,Indiranagar,Breakfast,Millet Express,Zomato,Rider said the kitchen was still preparing when he arrived.,Late delivery,2,2,16.14,0,True
613,63381,2026-09-08,Whitefield,Snacks,Sharief Bhai,Swiggy,"Oily and heavy, not what I expect from this brand.",Taste or quality,1,3,7.25,0,False
614,63741,2026-09-08,Electronic City,Lunch,EatFit,Swiggy,sabzi was 2 spoons,Needs review,1,6,6.64,0,False
615,63954,2026-09-08,JP Nagar,Lunch,Sharief Bhai,Swiggy,Portion was much smaller than usual.,Quantity,2,6,7.56,0,False
616,63963,2026-09-08,JP Nagar,Lunch,Millet Express,Zomato,"Half-filled container, felt cheated.",Quantity,2,6,8.84,0,False
617,64087,2026-09-08,JP Nagar,Dinner,Sharief Bhai,Zomato,"bhai 1 ghanta laga, kya kar rahe ho",Needs review,1,7,16.06,0,True
618,64116,2026-09-08,JP Nagar,Dinner,Olio Pizza,Zomato,base was raw from inside,Needs review,3,7,12.31,0,False
619,64554,2026-09-08,Marathahalli,Dinner,Frozen Bottle,Zomato,box half empty,Needs review,2,7,3.51,0,False
620,64565,2026-09-08,Marathahalli,Dinner,Sharief Bhai,Swiggy,raita gayab tha,Needs review,1,7,8.09,0,False
621,64803,2026-09-09,Koramangala,Breakfast,Millet Express,Zomato,Gravy leaked all over the bag.,Packaging or spill,2,2,8.68,0,False
622,65093,2026-09-09,Koramangala,Late night,Sharief Bhai,Swiggy,Mutton biryani completely cold and rubbery.,Cold food,1,4,7.99,0,False
623,65129,2026-09-09,HSR Layout,Lunch,Sharief Bhai,Swiggy,"Paid for a combo, the drink was not in the bag.",Missing item,1,7,6.22,0,False
624,65187,2026-09-09,HSR Layout,Snacks,Olio Pizza,Zomato,"The farmhouse pizza arrived cold, had to reheat it.",Cold food,3,3,20.28,0,True
625,65406,2026-09-09,Indiranagar,Lunch,Olio Pizza,Call centre,box half empty,Needs review,3,7,12.24,0,False
626,65478,2026-09-09,Indiranagar,Dinner,CakeZone,Swiggy,The cake was too salty today.,Taste or quality,3,8,6.71,0,False
627,65641,2026-09-09,Whitefield,Lunch,EatFit,Swiggy,"Half-filled container, felt cheated.",Quantity,2,6,8.51,0,False
628,65863,2026-09-09,Bellandur,Lunch,Sharief Bhai,Zomato,"The chicken biryani arrived cold, had to reheat it.",Cold food,6,6,18.95,0,True
629,66029,2026-09-09,Bellandur,Late night,CakeZone,Swiggy,Got veg instead of chicken.,Wrong item,5,3,7.78,0,False
630,66213,2026-09-09,Electronic City,Dinner,EatFit,Swiggy,One of the two items was not delivered.,Missing item,2,7,6.7,0,False
631,66255,2026-09-09,JP Nagar,Breakfast,EatFit,Swiggy,had to microwave the whole thing again,Needs review,3,2,17.83,0,True
632,66347,2026-09-09,JP Nagar,Dinner,Sharief Bhai,Zomato,"Paid for a combo, the drink was not in the bag.",Missing item,1,7,7.65,0,False
633,66464,2026-09-09,Jayanagar,Breakfast,Millet Express,Swiggy,Order reached 27 minutes after the promised time.,Late delivery,2,2,16.62,0,True
634,66850,2026-09-09,Marathahalli,Dinner,EatFit,Swiggy,namak bahut zyada,Needs review,1,7,6.56,0,False
635,66919,2026-09-09,Hebbal,Lunch,EatFit,Swiggy,my coke never came,Needs review,1,6,6.26,0,False
636,67350,2026-09-10,Koramangala,Late night,Sharief Bhai,Zomato,had to microwave the whole thing again,Needs review,3,4,11.3,0,False
637,67588,2026-09-10,HSR Layout,Late night,Sharief Bhai,Swiggy,No oregano or chilli flakes sachets in the box.,Missing item,1,3,11.38,0,False
638,67662,2026-09-10,Indiranagar,Lunch,EatFit,Zomato,Protein meal was soggy and undercooked.,Taste or quality,3,7,8.27,0,False
639,67838,2026-09-10,Indiranagar,Late night,Sharief Bhai,Swiggy,Wrong size delivered.,Wrong item,2,3,8.99,0,False
640,68289,2026-09-10,Electronic City,Breakfast,EatFit,Zomato,Garlic dip was missing from my order.,Missing item,2,2,7.56,0,False
641,68368,2026-09-10,Electronic City,Lunch,Sharief Bhai,Zomato,"ordered at 8.10 got it 9.05, unacceptable",Needs review,1,6,15.76,0,True
642,68406,2026-09-10,Electronic City,Snacks,Frozen Bottle,Swiggy,box half empty,Needs review,2,3,3.83,0,False
643,68412,2026-09-10,Electronic City,Dinner,Sharief Bhai,Zomato,Very little in the biryani for the price.,Quantity,1,7,7.96,0,False
644,68511,2026-09-10,Electronic City,Late night,Frozen Bottle,Swiggy,The thick shake was too salty today.,Taste or quality,2,3,5.12,0,False
645,68560,2026-09-10,JP Nagar,Lunch,EatFit,Swiggy,my coke never came,Needs review,2,6,8.35,0,False
646,68683,2026-09-10,JP Nagar,Dinner,Sharief Bhai,Zomato,namak bahut zyada,Needs review,1,7,8.05,0,False
647,68824,2026-09-10,Jayanagar,Lunch,EatFit,Swiggy,"Half-filled container, felt cheated.",Quantity,1,6,6.36,0,False
648,68900,2026-09-10,Jayanagar,Dinner,Sharief Bhai,Call centre,"Ordered a chicken biryani, got something different.",Wrong item,1,7,8.04,0,False
649,68936,2026-09-10,Jayanagar,Dinner,Frozen Bottle,Call centre,Shake was soggy and undercooked.,Taste or quality,2,7,3.76,0,False
650,69111,2026-09-10,Marathahalli,Dinner,Sharief Bhai,Zomato,"curry all over the bag, box was wet",Needs review,3,7,13.51,0,False
651,69189,2026-09-10,Hebbal,Breakfast,EatFit,Zomato,"Overcooked and mushy, not good.",Taste or quality,1,2,7.02,0,False
652,69195,2026-09-10,Hebbal,Lunch,Millet Express,Swiggy,"dosa was rubber, chutney sour",Needs review,1,6,6.75,0,False
653,69289,2026-09-10,Hebbal,Dinner,Olio Pizza,Swiggy,Very little in the pizza for the price.,Quantity,2,7,9.37,0,False
654,69474,2026-09-11,Koramangala,Snacks,CakeZone,Zomato,The cake was too salty today.,Taste or quality,1,4,3.94,0,False
655,69581,2026-09-11,Koramangala,Dinner,Sharief Bhai,Swiggy,No oregano or chilli flakes sachets in the box.,Missing item,2,9,9.78,0,False
656,69607,2026-09-11,Koramangala,Dinner,Olio Pizza,Swiggy,"curry all over the bag, box was wet",Needs review,3,9,17.12,0,True
657,69657,2026-09-11,Koramangala,Late night,Sharief Bhai,Swiggy,"Cold in the middle, clearly sat somewhere for a while.",Cold food,3,4,9.31,0,False
658,69671,2026-09-11,Koramangala,Late night,Sharief Bhai,Zomato,Chicken biryani completely cold and rubbery.,Cold food,1,4,7.83,0,False
659,69736,2026-09-11,HSR Layout,Lunch,Olio Pizza,Zomato,App kept showing 'preparing' for 30 minutes. Very slow.,Late delivery,4,7,16.44,0,True
660,69834,2026-09-11,HSR Layout,Dinner,Olio Pizza,Zomato,"Slow again from this outlet, third time this week.",Late delivery,3,8,17.06,0,True
661,69925,2026-09-11,Indiranagar,Breakfast,Millet Express,Zomato,Very little in the idli plate for the price.,Quantity,1,2,6.76,0,False
662,69962,2026-09-11,Indiranagar,Lunch,EatFit,Swiggy,"lid popped open, half the dal gone",Needs review,1,7,6.86,0,False
663,69974,2026-09-11,Indiranagar,Lunch,Olio Pizza,Call centre,No oregano or chilli flakes sachets in the box.,Missing item,1,7,9.06,0,False
664,70132,2026-09-11,Indiranagar,Dinner,Sharief Bhai,Swiggy,"ordered at 8.10 got it 9.05, unacceptable",Needs review,2,8,15.04,0,True
665,70222,2026-09-11,Whitefield,Lunch,EatFit,Zomato,"Ordered a thali, got something different.",Wrong item,2,6,7.44,0,False
666,70549,2026-09-11,Bellandur,Dinner,Frozen Bottle,Swiggy,namak bahut zyada,Needs review,2,7,4.53,0,False
667,70655,2026-09-11,Bellandur,Late night,Sharief Bhai,Swiggy,"Paid for a combo, the drink was not in the bag.",Missing item,2,3,8.05,0,False
668,70743,2026-09-11,Electronic City,Lunch,Olio Pizza,Zomato,Farmhouse pizza was soggy and undercooked.,Taste or quality,1,6,14.27,0,False
669,70760,2026-09-11,Electronic City,Snacks,Olio Pizza,Swiggy,zero seasoning packets this time,Needs review,2,3,11.45,0,False
670,70874,2026-09-11,Electronic City,Dinner,Olio Pizza,Call centre,Very little in the pizza for the price.,Quantity,2,7,11.02,0,False
671,71065,2026-09-11,JP Nagar,Dinner,Olio Pizza,Swiggy,Very little in the pizza for the price.,Quantity,1,7,9.35,0,False
672,71320,2026-09-11,Jayanagar,Dinner,Olio Pizza,Zomato,"sent me a margherita, ordered farmhouse",Needs review,3,7,10.42,0,False
673,71571,2026-09-11,Marathahalli,Dinner,Olio Pizza,Zomato,"Ordered for a team dinner, food came after everyone left.",Late delivery,3,7,17.67,0,True
674,71622,2026-09-11,Marathahalli,Late night,Frozen Bottle,Zomato,Raita not included with the shake.,Missing item,2,3,3.37,0,False
675,71721,2026-09-11,Hebbal,Lunch,Sharief Bhai,Zomato,Took forever. Rider waited outside the kitchen for 20 minutes.,Late delivery,5,6,20.68,0,True
676,71804,2026-09-11,Hebbal,Dinner,Frozen Bottle,Call centre,Raita not included with the shake.,Missing item,2,7,5.03,0,False
677,71814,2026-09-11,Hebbal,Dinner,Olio Pizza,Swiggy,One of the two items was not delivered.,Missing item,1,7,8.66,0,False
678,71933,2026-09-12,Koramangala,Lunch,Millet Express,Call centre,Box was crushed and the millet dosa was damaged.,Packaging or spill,1,8,7.13,0,False
679,72068,2026-09-12,Koramangala,Dinner,Sharief Bhai,Zomato,Rider said the kitchen was still preparing when he arrived.,Late delivery,3,9,17.16,0,True
680,72100,2026-09-12,Koramangala,Dinner,Sharief Bhai,Swiggy,"Tasted stale, not like usual.",Taste or quality,2,9,10.46,0,False
681,72136,2026-09-12,Koramangala,Late night,Sharief Bhai,Zomato,had to microwave the whole thing again,Needs review,2,4,8.77,0,False
682,72374,2026-09-12,HSR Layout,Dinner,Olio Pizza,Zomato,"ordered at 8.10 got it 9.05, unacceptable",Needs review,3,8,23.72,0,True
683,72376,2026-09-12,HSR Layout,Dinner,Olio Pizza,Swiggy,delivery partner reached restaurant n waited 25 min for food,Late delivery,1,8,16.09,0,True
684,72551,2026-09-12,Indiranagar,Snacks,Olio Pizza,Zomato,Food was lukewarm by the time it reached.,Cold food,3,3,16.49,0,True
685,72569,2026-09-12,Indiranagar,Dinner,Olio Pizza,Swiggy,"Tasted stale, not like usual.",Taste or quality,2,8,10.48,0,False
686,72572,2026-09-12,Indiranagar,Dinner,Olio Pizza,Call centre,my coke never came,Needs review,1,8,9.59,0,False
687,72658,2026-09-12,Indiranagar,Dinner,Sharief Bhai,Zomato,"Slow again from this outlet, third time this week.",Late delivery,4,8,15.15,0,True
688,73163,2026-09-12,Bellandur,Dinner,Olio Pizza,Zomato,The pizza was too salty today.,Taste or quality,2,7,15.36,0,True
689,73165,2026-09-12,Bellandur,Dinner,EatFit,Swiggy,One of the two items was not delivered.,Missing item,1,7,7.18,0,False
690,73634,2026-09-12,JP Nagar,Dinner,Olio Pizza,Swiggy,No oregano or chilli flakes sachets in the box.,Missing item,2,7,11.86,0,False
691,73732,2026-09-12,Jayanagar,Snacks,Olio Pizza,Zomato,The farmhouse pizza was too salty today.,Taste or quality,2,3,14.35,0,False
692,73870,2026-09-12,Jayanagar,Late night,CakeZone,Swiggy,my coke never came,Needs review,1,3,5.24,0,False
693,74048,2026-09-12,Marathahalli,Dinner,EatFit,Zomato,Protein meal was soggy and undercooked.,Taste or quality,1,7,9.39,0,False
694,74095,2026-09-12,Marathahalli,Dinner,Sharief Bhai,Swiggy,this is not what i ordered at all,Needs review,2,7,7.74,0,False
695,74326,2026-09-12,Hebbal,Dinner,Sharief Bhai,Zomato,delivery partner reached restaurant n waited 25 min for food,Late delivery,1,7,15.73,0,True
696,74666,2026-09-13,Koramangala,Late night,Sharief Bhai,Zomato,"The mutton biryani arrived cold, had to reheat it.",Cold food,1,4,7.22,0,False
697,74676,2026-09-13,Koramangala,Late night,Sharief Bhai,Call centre,Leaked through the bag onto my bike.,Packaging or spill,1,4,7.0,0,False
698,74685,2026-09-13,Koramangala,Late night,Sharief Bhai,Swiggy,"The biryani arrived cold, had to reheat it.",Cold food,4,4,13.25,0,False
699,74924,2026-09-13,HSR Layout,Dinner,Sharief Bhai,Swiggy,Wrong size delivered.,Wrong item,1,8,7.06,0,False
700,75091,2026-09-13,Indiranagar,Snacks,Olio Pizza,Swiggy,eta kept increasing every 5 min,Needs review,3,3,28.99,0,True
701,75128,2026-09-13,Indiranagar,Dinner,EatFit,Swiggy,Very little in the protein meal for the price.,Quantity,2,8,7.63,0,False
702,75199,2026-09-13,Indiranagar,Dinner,CakeZone,Swiggy,"Tasted stale, not like usual.",Taste or quality,2,8,7.27,0,False
703,75276,2026-09-13,Whitefield,Lunch,Sharief Bhai,Call centre,"curry all over the bag, box was wet",Needs review,3,6,10.88,0,False
704,75450,2026-09-13,Whitefield,Dinner,Olio Pizza,Swiggy,Box was crushed and the garlic bread was damaged.,Packaging or spill,1,7,9.83,0,False
705,75507,2026-09-13,Whitefield,Late night,CakeZone,Zomato,"order was cancelled after accepting, no cake",Missing item,1,3,4.34,0,False
706,75680,2026-09-13,Bellandur,Dinner,CakeZone,Zomato,my coke never came,Needs review,3,7,7.03,0,False
707,75744,2026-09-13,Bellandur,Dinner,Sharief Bhai,Zomato,Order reached 42 minutes after the promised time.,Late delivery,3,7,15.17,0,True
708,76340,2026-09-13,Jayanagar,Lunch,EatFit,Zomato,my coke never came,Needs review,3,6,12.16,0,False
709,76468,2026-09-13,Jayanagar,Dinner,Olio Pizza,Swiggy,"Tasted stale, not like usual.",Taste or quality,1,7,9.62,0,False
710,76472,2026-09-13,Jayanagar,Dinner,Olio Pizza,Zomato,"Container lid broken, everything spilled.",Packaging or spill,1,7,7.42,0,False
711,76753,2026-09-13,Marathahalli,Dinner,Frozen Bottle,Zomato,Box was crushed and the ice cream was damaged.,Packaging or spill,2,7,3.69,0,False
712,76945,2026-09-13,Hebbal,Dinner,Sharief Bhai,Zomato,"Tasted stale, not like usual.",Taste or quality,2,7,8.52,0,False
713,76951,2026-09-13,Hebbal,Dinner,EatFit,Swiggy,"Paid for a combo, the drink was not in the bag.",Missing item,3,7,9.93,0,False
714,76985,2026-09-13,Hebbal,Late night,Olio Pizza,Zomato,Rider said the kitchen was still preparing when he arrived.,Late delivery,3,3,19.51,0,True
715,77191,2026-09-14,Koramangala,Dinner,Olio Pizza,Zomato,Farmhouse pizza was soggy and undercooked.,Taste or quality,1,9,9.76,0,False
716,77197,2026-09-14,Koramangala,Dinner,Olio Pizza,Zomato,"Container lid broken, everything spilled.",Packaging or spill,2,9,12.55,0,False
717,77238,2026-09-14,Koramangala,Dinner,Olio Pizza,Swiggy,eta kept increasing every 5 min,Needs review,3,9,17.36,0,True
718,77289,2026-09-14,Koramangala,Late night,Sharief Bhai,Zomato,Food was lukewarm by the time it reached.,Cold food,1,4,11.73,0,False
719,77308,2026-09-14,Koramangala,Late night,Sharief Bhai,Zomato,"Cold in the middle, clearly sat somewhere for a while.",Cold food,1,4,7.19,0,False
720,77464,2026-09-14,HSR Layout,Dinner,Olio Pizza,Call centre,"Cold in the middle, clearly sat somewhere for a while.",Cold food,2,8,17.49,0,True
721,77679,2026-09-14,Indiranagar,Lunch,EatFit,Swiggy,Gravy leaked all over the bag.,Packaging or spill,3,7,9.0,0,False
722,77713,2026-09-14,Indiranagar,Snacks,CakeZone,Call centre,"Paid for a combo, the drink was not in the bag.",Missing item,2,3,5.55,0,False
723,78083,2026-09-14,Whitefield,Dinner,CakeZone,Swiggy,Very little in the cake for the price.,Quantity,3,7,6.51,0,False
724,78191,2026-09-14,Bellandur,Lunch,Millet Express,Call centre,"Half-filled container, felt cheated.",Quantity,2,6,14.27,0,False
725,78315,2026-09-14,Bellandur,Dinner,Olio Pizza,Swiggy,Box was crushed and the pizza was damaged.,Packaging or spill,1,7,9.3,0,False
726,78334,2026-09-14,Bellandur,Dinner,Sharief Bhai,Zomato,"food reached after ages, kids slept hungry",Needs review,2,7,15.35,0,True
727,78941,2026-09-14,Jayanagar,Lunch,EatFit,Call centre,"lid popped open, half the dal gone",Needs review,1,6,7.48,0,False
728,79034,2026-09-14,Jayanagar,Dinner,Olio Pizza,Zomato,"Cold in the middle, clearly sat somewhere for a while.",Cold food,2,7,19.01,0,True
729,79066,2026-09-14,Jayanagar,Dinner,Olio Pizza,Swiggy,"Cold in the middle, clearly sat somewhere for a while.",Cold food,2,7,15.96,0,True
730,79193,2026-09-14,Marathahalli,Lunch,Olio Pizza,Swiggy,No oregano or chilli flakes sachets in the box.,Missing item,1,6,9.45,0,False
731,79726,2026-09-15,Koramangala,Lunch,Olio Pizza,Swiggy,Waited almost an hour for a simple farmhouse pizza.,Late delivery,3,8,20.48,0,True
732,79932,2026-09-15,Koramangala,Late night,Sharief Bhai,Swiggy,"biryani was like room temp, no steam at all",Needs review,2,4,8.9,0,False
733,79935,2026-09-15,Koramangala,Late night,Sharief Bhai,Swiggy,"The chicken biryani arrived cold, had to reheat it.",Cold food,2,4,7.57,0,False
734,79940,2026-09-15,Koramangala,Late night,Sharief Bhai,Call centre,had to microwave the whole thing again,Needs review,1,4,7.13,0,False
735,79969,2026-09-15,HSR Layout,Lunch,EatFit,Call centre,namak bahut zyada,Needs review,2,7,7.47,0,False
736,80075,2026-09-15,HSR Layout,Dinner,Sharief Bhai,Zomato,"Tasted stale, not like usual.",Taste or quality,2,8,9.56,0,False
737,80415,2026-09-15,Indiranagar,Dinner,EatFit,Zomato,Extra cheese charged but not added.,Missing item,2,8,8.44,0,False
738,80719,2026-09-15,Whitefield,Dinner,Olio Pizza,Swiggy,"pizza thanda tha, cheese hard",Needs review,3,7,15.71,0,True
739,81069,2026-09-15,Electronic City,Lunch,Sharief Bhai,Call centre,No oregano or chilli flakes sachets in the box.,Missing item,2,6,10.59,0,False
740,81187,2026-09-15,Electronic City,Dinner,Olio Pizza,Zomato,"ordered at 8.10 got it 9.05, unacceptable",Needs review,1,7,16.98,0,True
741,81232,2026-09-15,Electronic City,Late night,CakeZone,Swiggy,"Ordered a cake, got something different.",Wrong item,1,3,5.06,0,False
742,81266,2026-09-15,JP Nagar,Lunch,EatFit,Call centre,this is not what i ordered at all,Needs review,2,6,7.02,0,False
743,81301,2026-09-15,JP Nagar,Lunch,EatFit,Swiggy,namak bahut zyada,Needs review,3,6,10.12,0,False
744,81348,2026-09-15,JP Nagar,Snacks,CakeZone,Call centre,box half empty,Needs review,3,3,6.9,0,False
745,81432,2026-09-15,JP Nagar,Dinner,EatFit,Zomato,Garlic dip was missing from my order.,Missing item,2,7,9.38,0,False
746,81500,2026-09-15,Jayanagar,Lunch,EatFit,Zomato,The thali was too salty today.,Taste or quality,2,6,10.19,0,False
747,81899,2026-09-15,Marathahalli,Dinner,Olio Pizza,Zomato,"Overcooked and mushy, not good.",Taste or quality,2,7,14.1,0,False
748,81943,2026-09-15,Marathahalli,Late night,Sharief Bhai,Zomato,"Overcooked and mushy, not good.",Taste or quality,2,3,11.45,0,False
749,81996,2026-09-15,Hebbal,Lunch,EatFit,Zomato,had to microwave the whole thing again,Needs review,3,6,15.39,0,True
750,82014,2026-09-15,Hebbal,Lunch,EatFit,Zomato,Thali completely cold and rubbery.,Cold food,2,6,20.39,0,True
751,82023,2026-09-15,Hebbal,Lunch,Olio Pizza,Call centre,Rider said the kitchen was still preparing when he arrived.,Late delivery,2,6,27.67,0,True
752,82115,2026-09-15,Hebbal,Dinner,Sharief Bhai,Swiggy,"Container lid broken, everything spilled.",Packaging or spill,2,7,7.48,0,False
753,82364,2026-09-16,Koramangala,Dinner,EatFit,Call centre,One of the two items was not delivered.,Missing item,1,9,6.84,0,False
754,82492,2026-09-16,Koramangala,Late night,Sharief Bhai,Zomato,Mutton biryani completely cold and rubbery.,Cold food,1,4,6.61,0,False
755,82541,2026-09-16,HSR Layout,Lunch,EatFit,Call centre,Order reached 44 minutes after the promised time.,Late delivery,3,7,17.09,0,True
756,82730,2026-09-16,HSR Layout,Late night,Frozen Bottle,Swiggy,"Tasted stale, not like usual.",Taste or quality,5,3,6.69,0,False
757,82833,2026-09-16,Indiranagar,Lunch,Millet Express,Call centre,Portion was much smaller than usual.,Quantity,2,7,7.11,0,False
758,82872,2026-09-16,Indiranagar,Snacks,EatFit,Swiggy,Received someone else's order.,Wrong item,1,3,6.59,0,False
759,83147,2026-09-16,Whitefield,Dinner,Olio Pizza,Swiggy,"Half-filled container, felt cheated.",Quantity,2,7,9.69,0,False
760,83484,2026-09-16,Electronic City,Breakfast,EatFit,Zomato,"Overcooked and mushy, not good.",Taste or quality,1,2,6.32,0,False
761,83670,2026-09-16,Electronic City,Dinner,Olio Pizza,Zomato,"Ordered for a team dinner, food came after everyone left.",Late delivery,3,7,16.13,0,True
762,83759,2026-09-16,JP Nagar,Lunch,EatFit,Swiggy,Protein meal was soggy and undercooked.,Taste or quality,3,6,13.46,0,False
763,83800,2026-09-16,JP Nagar,Snacks,CakeZone,Zomato,Very little in the truffle cake for the price.,Quantity,2,3,6.46,0,False
764,83943,2026-09-16,Jayanagar,Lunch,CakeZone,Zomato,Leaked through the bag onto my bike.,Packaging or spill,2,6,5.6,0,False
765,84085,2026-09-16,Jayanagar,Dinner,Sharief Bhai,Swiggy,"curry all over the bag, box was wet",Needs review,1,7,5.49,0,False
766,84109,2026-09-16,Jayanagar,Dinner,EatFit,Swiggy,Extra cheese charged but not added.,Missing item,1,7,7.78,0,False
767,84325,2026-09-16,Marathahalli,Dinner,EatFit,Zomato,"Container lid broken, everything spilled.",Packaging or spill,1,7,7.36,0,False
768,84524,2026-09-16,Hebbal,Dinner,Olio Pizza,Swiggy,No oregano or chilli flakes sachets in the box.,Missing item,1,7,6.81,0,False
769,84619,2026-09-17,Koramangala,Breakfast,EatFit,Swiggy,Wrong size delivered.,Wrong item,1,2,10.29,0,False
770,84684,2026-09-17,Koramangala,Lunch,Sharief Bhai,Zomato,Leaked through the bag onto my bike.,Packaging or spill,3,8,14.49,0,False
771,84807,2026-09-17,Koramangala,Dinner,EatFit,Call centre,namak bahut zyada,Needs review,1,9,8.39,0,False
772,84877,2026-09-17,Koramangala,Late night,Sharief Bhai,Swiggy,Biryani completely cold and rubbery.,Cold food,1,4,6.01,0,False
773,84881,2026-09-17,Koramangala,Late night,Olio Pizza,Call centre,"Overcooked and mushy, not good.",Taste or quality,1,4,12.49,0,False
774,84885,2026-09-17,Koramangala,Late night,Sharief Bhai,Zomato,Food was lukewarm by the time it reached.,Cold food,2,4,8.32,0,False
775,84895,2026-09-17,Koramangala,Late night,Frozen Bottle,Swiggy,namak bahut zyada,Needs review,1,4,3.3,0,False
776,84899,2026-09-17,Koramangala,Late night,Sharief Bhai,Zomato,Biryani completely cold and rubbery.,Cold food,2,4,8.84,0,False
777,84910,2026-09-17,HSR Layout,Breakfast,Millet Express,Swiggy,The idli plate was too salty today.,Taste or quality,3,2,10.42,0,False
778,84986,2026-09-17,HSR Layout,Lunch,Olio Pizza,Zomato,my coke never came,Needs review,2,7,11.65,0,False
779,85022,2026-09-17,HSR Layout,Snacks,Olio Pizza,Call centre,Pizza was soggy and undercooked.,Taste or quality,1,3,9.75,0,False
780,85038,2026-09-17,HSR Layout,Snacks,Frozen Bottle,Zomato,"Oily and heavy, not what I expect from this brand.",Taste or quality,1,3,3.63,0,False
781,85039,2026-09-17,HSR Layout,Snacks,Frozen Bottle,Zomato,"Paid for a combo, the drink was not in the bag.",Missing item,1,3,3.93,0,False
782,85100,2026-09-17,HSR Layout,Dinner,Olio Pizza,Swiggy,"Tasted stale, not like usual.",Taste or quality,1,8,8.04,0,False
783,85428,2026-09-17,Indiranagar,Late night,Olio Pizza,Call centre,No oregano or chilli flakes sachets in the box.,Missing item,2,3,12.55,0,False
784,85504,2026-09-17,Whitefield,Lunch,Sharief Bhai,Call centre,"Paid for a combo, the drink was not in the bag.",Missing item,1,6,8.71,0,False
785,85690,2026-09-17,Bellandur,Lunch,Millet Express,Zomato,One of the two items was not delivered.,Missing item,3,6,9.67,0,False
786,86252,2026-09-17,JP Nagar,Dinner,Sharief Bhai,Zomato,"Overcooked and mushy, not good.",Taste or quality,2,7,8.99,0,False
787,86301,2026-09-17,JP Nagar,Dinner,Olio Pizza,Swiggy,"Container lid broken, everything spilled.",Packaging or spill,3,7,10.35,0,False
788,86332,2026-09-17,Jayanagar,Breakfast,Millet Express,Call centre,Got veg instead of chicken.,Wrong item,2,2,8.08,0,False
789,86460,2026-09-17,Jayanagar,Dinner,Olio Pizza,Swiggy,No oregano or chilli flakes sachets in the box.,Missing item,2,7,15.51,0,True
790,86461,2026-09-17,Jayanagar,Dinner,Olio Pizza,Swiggy,Very little in the pizza for the price.,Quantity,2,7,13.44,0,False
791,86544,2026-09-17,Jayanagar,Late night,Olio Pizza,Zomato,The pizza was too salty today.,Taste or quality,2,3,12.12,0,False
792,87246,2026-09-18,Koramangala,Dinner,Olio Pizza,Zomato,"paid 40 rs for dip, where is it?",Needs review,1,9,7.5,0,False
793,87273,2026-09-18,Koramangala,Late night,Sharief Bhai,Zomato,Biryani completely cold and rubbery.,Cold food,1,4,6.67,0,False
794,87278,2026-09-18,Koramangala,Late night,Sharief Bhai,Swiggy,"Cold in the middle, clearly sat somewhere for a while.",Cold food,1,4,8.52,0,False
795,87299,2026-09-18,Koramangala,Late night,Sharief Bhai,Call centre,Chicken biryani completely cold and rubbery.,Cold food,3,4,13.66,0,False
796,87585,2026-09-18,HSR Layout,Late night,Olio Pizza,Swiggy,had to microwave the whole thing again,Needs review,1,3,16.78,0,True
797,87587,2026-09-18,HSR Layout,Late night,Sharief Bhai,Zomato,Waited almost an hour for a simple mutton biryani.,Late delivery,1,3,17.49,0,True
798,87593,2026-09-18,HSR Layout,Late night,Olio Pizza,Call centre,"Paid for a combo, the drink was not in the bag.",Missing item,2,3,21.92,0,True
799,87640,2026-09-18,Indiranagar,Lunch,Olio Pizza,Swiggy,this is not what i ordered at all,Needs review,2,7,12.75,0,False
800,87743,2026-09-18,Indiranagar,Snacks,Olio Pizza,Swiggy,Took forever. Rider waited outside the kitchen for 20 minutes.,Late delivery,3,3,16.33,0,True
801,87848,2026-09-18,Indiranagar,Dinner,Frozen Bottle,Swiggy,box half empty,Needs review,2,8,6.63,0,False
802,88121,2026-09-18,Whitefield,Dinner,Sharief Bhai,Call centre,"The mutton biryani arrived cold, had to reheat it.",Cold food,4,7,17.1,0,True
803,88138,2026-09-18,Whitefield,Dinner,Sharief Bhai,Swiggy,Biryani completely cold and rubbery.,Cold food,3,7,20.79,0,True
804,88164,2026-09-18,Whitefield,Dinner,Sharief Bhai,Swiggy,App kept showing 'preparing' for 30 minutes. Very slow.,Late delivery,1,7,23.54,0,True
805,88173,2026-09-18,Whitefield,Dinner,EatFit,Zomato,eta kept increasing every 5 min,Needs review,2,7,20.02,0,True
806,88175,2026-09-18,Whitefield,Dinner,Olio Pizza,Zomato,Rider said the kitchen was still preparing when he arrived.,Late delivery,1,7,22.34,0,True
807,88197,2026-09-18,Whitefield,Dinner,CakeZone,Zomato,delivery partner reached restaurant n waited 25 min for food,Late delivery,2,7,21.17,0,True
808,88199,2026-09-18,Whitefield,Dinner,Sharief Bhai,Zomato,Took forever. Rider waited outside the kitchen for 20 minutes.,Late delivery,2,7,22.27,0,True
809,88212,2026-09-18,Whitefield,Late night,Sharief Bhai,Call centre,"Ordered a chicken biryani, got something different.",Wrong item,1,3,9.08,0,False
810,88241,2026-09-18,Whitefield,Late night,Olio Pizza,Zomato,Took forever. Rider waited outside the kitchen for 20 minutes.,Late delivery,1,3,29.95,0,True
811,88244,2026-09-18,Whitefield,Late night,Sharief Bhai,Zomato,Order reached 28 minutes after the promised time.,Late delivery,2,3,20.19,0,True
812,88245,2026-09-18,Whitefield,Late night,Sharief Bhai,Swiggy,Rider said the kitchen was still preparing when he arrived.,Late delivery,4,3,25.04,0,True
813,88408,2026-09-18,Bellandur,Dinner,Olio Pizza,Zomato,base was raw from inside,Needs review,1,7,8.74,0,False
814,88414,2026-09-18,Bellandur,Dinner,EatFit,Zomato,dal had no flavour at all,Needs review,3,7,10.0,0,False
815,88418,2026-09-18,Bellandur,Dinner,EatFit,Zomato,my coke never came,Needs review,2,7,10.64,0,False
816,88463,2026-09-18,Bellandur,Dinner,Olio Pizza,Zomato,"Paid for a combo, the drink was not in the bag.",Missing item,3,7,20.19,0,True
817,88472,2026-09-18,Bellandur,Dinner,Sharief Bhai,Zomato,"Cold in the middle, clearly sat somewhere for a while.",Cold food,2,7,19.56,0,True
818,88480,2026-09-18,Bellandur,Dinner,EatFit,Swiggy,namak bahut zyada,Needs review,3,7,14.65,0,False
819,88614,2026-09-18,Electronic City,Snacks,CakeZone,Swiggy,The cake was too salty today.,Taste or quality,1,3,4.3,0,False
820,88716,2026-09-18,Electronic City,Dinner,Sharief Bhai,Swiggy,Rider said the kitchen was still preparing when he arrived.,Late delivery,5,7,15.39,0,True
821,89088,2026-09-18,Jayanagar,Lunch,Sharief Bhai,Swiggy,The chicken biryani was too salty today.,Taste or quality,1,6,6.39,0,False
822,89312,2026-09-18,Jayanagar,Late night,Olio Pizza,Zomato,Wrong size delivered.,Wrong item,1,3,9.82,0,False
823,89358,2026-09-18,Marathahalli,Lunch,EatFit,Zomato,"Half-filled container, felt cheated.",Quantity,1,6,6.91,0,False
824,89386,2026-09-18,Marathahalli,Lunch,Olio Pizza,Swiggy,"pizza thanda tha, cheese hard",Needs review,4,6,17.0,0,True
825,89396,2026-09-18,Marathahalli,Lunch,EatFit,Swiggy,"The thali arrived cold, had to reheat it.",Cold food,2,6,16.41,0,True
826,89406,2026-09-18,Marathahalli,Lunch,Frozen Bottle,Zomato,No oregano or chilli flakes sachets in the box.,Missing item,1,6,3.52,0,False
827,89502,2026-09-18,Marathahalli,Dinner,Olio Pizza,Swiggy,Farmhouse pizza completely cold and rubbery.,Cold food,4,7,18.69,0,True
828,89621,2026-09-18,Marathahalli,Late night,Frozen Bottle,Call centre,"curry all over the bag, box was wet",Needs review,1,3,3.17,0,False
829,89782,2026-09-18,Hebbal,Dinner,Olio Pizza,Call centre,Very little in the garlic bread for the price.,Quantity,1,7,12.45,0,False
830,89839,2026-09-18,Hebbal,Dinner,Olio Pizza,Call centre,"Ordered for a team dinner, food came after everyone left.",Late delivery,5,7,15.26,0,True
831,90184,2026-09-19,Koramangala,Late night,Sharief Bhai,Call centre,"biryani was like room temp, no steam at all",Needs review,2,4,9.92,0,False
832,90203,2026-09-19,Koramangala,Late night,Sharief Bhai,Swiggy,"The mutton biryani arrived cold, had to reheat it.",Cold food,2,4,8.28,0,False
833,90245,2026-09-19,HSR Layout,Lunch,EatFit,Zomato,Wrong size delivered.,Wrong item,4,7,9.22,0,False
834,90302,2026-09-19,HSR Layout,Snacks,EatFit,Swiggy,my coke never came,Needs review,1,3,6.53,0,False
835,90483,2026-09-19,HSR Layout,Late night,Olio Pizza,Zomato,Took forever. Rider waited outside the kitchen for 20 minutes.,Late delivery,2,3,18.26,0,True
836,90649,2026-09-19,Indiranagar,Dinner,Sharief Bhai,Swiggy,One of the two items was not delivered.,Missing item,1,8,10.13,0,False
837,90687,2026-09-19,Indiranagar,Dinner,Olio Pizza,Call centre,Rider said the kitchen was still preparing when he arrived.,Late delivery,2,8,15.9,0,True
838,90803,2026-09-19,Whitefield,Lunch,Sharief Bhai,Call centre,"curry all over the bag, box was wet",Needs review,4,6,13.68,0,False
839,90847,2026-09-19,Whitefield,Snacks,Olio Pizza,Swiggy,Food was lukewarm by the time it reached.,Cold food,3,3,15.47,0,True
840,90954,2026-09-19,Whitefield,Dinner,Sharief Bhai,Swiggy,my coke never came,Needs review,2,7,10.97,0,False
841,91114,2026-09-19,Bellandur,Dinner,Sharief Bhai,Zomato,my coke never came,Needs review,1,7,7.07,0,False
842,91142,2026-09-19,Bellandur,Dinner,EatFit,Swiggy,Extra cheese charged but not added.,Missing item,2,7,7.85,0,False
843,91226,2026-09-19,Bellandur,Dinner,CakeZone,Swiggy,"Tasted stale, not like usual.",Taste or quality,3,7,6.99,0,False
844,91403,2026-09-19,Electronic City,Dinner,Olio Pizza,Zomato,had to microwave the whole thing again,Needs review,3,7,17.95,0,True
845,91462,2026-09-19,Electronic City,Late night,Olio Pizza,Swiggy,delivery partner reached restaurant n waited 25 min for food,Late delivery,1,3,17.18,0,True
846,91742,2026-09-19,Jayanagar,Lunch,Sharief Bhai,Zomato,"curry all over the bag, box was wet",Needs review,3,6,14.98,0,False
847,91946,2026-09-19,Jayanagar,Late night,Sharief Bhai,Swiggy,box half empty,Needs review,2,3,8.85,0,False
848,91963,2026-09-19,Jayanagar,Late night,CakeZone,Zomato,Garlic dip was missing from my order.,Missing item,3,3,6.63,0,False
849,91977,2026-09-19,Marathahalli,Breakfast,Frozen Bottle,Swiggy,The ice cream was too salty today.,Taste or quality,3,2,5.33,0,False
850,92081,2026-09-19,Marathahalli,Dinner,Olio Pizza,Swiggy,Food was lukewarm by the time it reached.,Cold food,4,7,18.25,0,True
851,92302,2026-09-19,Hebbal,Dinner,Sharief Bhai,Zomato,Leaked through the bag onto my bike.,Packaging or spill,2,7,8.79,0,False
852,92483,2026-09-20,Koramangala,Lunch,Sharief Bhai,Zomato,Very little in the chicken biryani for the price.,Quantity,2,8,11.31,0,False
853,92498,2026-09-20,Koramangala,Lunch,Olio Pizza,Zomato,Pizza completely cold and rubbery.,Cold food,5,8,20.36,0,True
854,92677,2026-09-20,Koramangala,Dinner,Olio Pizza,Swiggy,"Cold in the middle, clearly sat somewhere for a while.",Cold food,4,9,16.27,0,True
855,92701,2026-09-20,Koramangala,Late night,Sharief Bhai,Swiggy,"The biryani arrived cold, had to reheat it.",Cold food,1,4,6.81,0,False
856,92707,2026-09-20,Koramangala,Late night,Sharief Bhai,Swiggy,everything ice-cold by the time it came,Cold food,3,4,11.05,0,False
857,92736,2026-09-20,Koramangala,Late night,Sharief Bhai,Zomato,Biryani completely cold and rubbery.,Cold food,2,4,10.36,0,False
858,92990,2026-09-20,HSR Layout,Dinner,Olio Pizza,Call centre,Waited almost an hour for a simple garlic bread.,Late delivery,1,8,16.19,0,True
859,92994,2026-09-20,HSR Layout,Dinner,Olio Pizza,Call centre,box half empty,Needs review,2,8,14.34,0,False
860,93049,2026-09-20,HSR Layout,Late night,Olio Pizza,Swiggy,Pizza was soggy and undercooked.,Taste or quality,1,3,9.23,0,False
861,93265,2026-09-20,Indiranagar,Dinner,Olio Pizza,Zomato,"ordered at 8.10 got it 9.05, unacceptable",Needs review,2,8,23.83,0,True
862,93273,2026-09-20,Indiranagar,Dinner,CakeZone,Zomato,Cake was soggy and undercooked.,Taste or quality,2,8,18.26,0,True
863,93274,2026-09-20,Indiranagar,Dinner,Olio Pizza,Zomato,Waited almost an hour for a simple garlic bread.,Late delivery,4,8,28.75,0,True
864,93429,2026-09-20,Whitefield,Lunch,Olio Pizza,Swiggy,Wrong size delivered.,Wrong item,2,6,10.7,0,False
865,93485,2026-09-20,Whitefield,Snacks,EatFit,Swiggy,Received someone else's order.,Wrong item,1,3,6.39,0,False
866,93553,2026-09-20,Whitefield,Dinner,Olio Pizza,Swiggy,eta kept increasing every 5 min,Needs review,2,7,19.21,0,True
867,93737,2026-09-20,Bellandur,Lunch,EatFit,Swiggy,"Oily and heavy, not what I expect from this brand.",Taste or quality,2,6,8.81,0,False
868,93882,2026-09-20,Bellandur,Dinner,Olio Pizza,Swiggy,"Container lid broken, everything spilled.",Packaging or spill,1,7,15.42,0,True
869,94035,2026-09-20,Electronic City,Dinner,Olio Pizza,Swiggy,this is not what i ordered at all,Needs review,1,7,9.53,0,False
870,94037,2026-09-20,Electronic City,Dinner,Olio Pizza,Zomato,Rider said the kitchen was still preparing when he arrived.,Late delivery,3,7,15.61,0,True
871,94197,2026-09-20,JP Nagar,Lunch,EatFit,Swiggy,"Container lid broken, everything spilled.",Packaging or spill,2,6,7.52,0,False
872,94502,2026-09-20,Jayanagar,Dinner,Olio Pizza,Zomato,"curry all over the bag, box was wet",Needs review,2,7,11.29,0,False
873,94539,2026-09-20,Jayanagar,Dinner,Olio Pizza,Swiggy,App kept showing 'preparing' for 30 minutes. Very slow.,Late delivery,1,7,15.9,0,True
874,94621,2026-09-20,Jayanagar,Late night,Olio Pizza,Zomato,"food reached after ages, kids slept hungry",Needs review,3,3,15.83,0,True
875,94754,2026-09-20,Marathahalli,Dinner,Olio Pizza,Swiggy,Order reached 34 minutes after the promised time.,Late delivery,3,7,16.22,0,True
876,94868,2026-09-20,Marathahalli,Late night,Frozen Bottle,Swiggy,my coke never came,Needs review,1,3,3.77,0,False
877,94941,2026-09-20,Hebbal,Lunch,Sharief Bhai,Swiggy,"ordered at 8.10 got it 9.05, unacceptable",Needs review,3,6,17.62,0,True
878,94947,2026-09-20,Hebbal,Lunch,EatFit,Zomato,Portion was much smaller than usual.,Quantity,3,6,9.69,0,False
879,94988,2026-09-20,Hebbal,Snacks,CakeZone,Zomato,The truffle cake was too salty today.,Taste or quality,1,3,4.88,0,False
880,95076,2026-09-20,Hebbal,Dinner,EatFit,Zomato,"Overcooked and mushy, not good.",Taste or quality,2,7,9.21,0,False
881,95084,2026-09-20,Hebbal,Dinner,Sharief Bhai,Call centre,"biryani was like room temp, no steam at all",Needs review,2,7,15.4,0,True
882,95207,2026-09-21,Koramangala,Lunch,Millet Express,Call centre,Gravy leaked all over the bag.,Packaging or spill,2,8,7.83,0,False
883,95288,2026-09-21,Koramangala,Snacks,Frozen Bottle,Call centre,"Paid for a combo, the drink was not in the bag.",Missing item,2,4,3.53,0,False
884,95427,2026-09-21,Koramangala,Late night,Sharief Bhai,Swiggy,"The chicken biryani arrived cold, had to reheat it.",Cold food,1,4,8.47,0,False
885,95549,2026-09-21,HSR Layout,Dinner,EatFit,Swiggy,my coke never came,Needs review,4,8,9.61,0,False
886,95590,2026-09-21,HSR Layout,Dinner,Olio Pizza,Swiggy,One of the two items was not delivered.,Missing item,1,8,7.52,0,False
887,95886,2026-09-21,Indiranagar,Dinner,EatFit,Zomato,my coke never came,Needs review,1,8,6.17,0,False
888,95919,2026-09-21,Whitefield,Breakfast,Frozen Bottle,Zomato,this is not what i ordered at all,Needs review,1,2,6.77,0,False
889,96102,2026-09-21,Whitefield,Dinner,Sharief Bhai,Swiggy,One of the two items was not delivered.,Missing item,1,7,12.82,0,False
890,96243,2026-09-21,Bellandur,Lunch,EatFit,Zomato,No oregano or chilli flakes sachets in the box.,Missing item,3,6,8.7,0,False
891,96291,2026-09-21,Bellandur,Dinner,Sharief Bhai,Call centre,Box was crushed and the biryani was damaged.,Packaging or spill,1,7,7.35,0,False
892,96428,2026-09-21,Electronic City,Lunch,EatFit,Zomato,"Ordered a thali, got something different.",Wrong item,1,6,7.57,0,False
893,96694,2026-09-21,JP Nagar,Dinner,Olio Pizza,Swiggy,box half empty,Needs review,1,7,13.61,0,False
894,96702,2026-09-21,JP Nagar,Dinner,Millet Express,Swiggy,"Oily and heavy, not what I expect from this brand.",Taste or quality,1,7,15.96,0,True
895,96703,2026-09-21,JP Nagar,Dinner,Sharief Bhai,Swiggy,"Slow again from this outlet, third time this week.",Late delivery,3,7,16.71,0,True
896,96900,2026-09-21,Jayanagar,Dinner,CakeZone,Zomato,The jar cake was too salty today.,Taste or quality,4,7,9.18,0,False
897,96914,2026-09-21,Jayanagar,Dinner,Olio Pizza,Call centre,"Cold in the middle, clearly sat somewhere for a while.",Cold food,5,7,18.73,0,True
898,96917,2026-09-21,Jayanagar,Dinner,CakeZone,Zomato,"order was cancelled after accepting, no cake",Missing item,1,7,4.83,0,False
899,97027,2026-09-21,Marathahalli,Lunch,Sharief Bhai,Swiggy,Very little in the chicken biryani for the price.,Quantity,1,6,12.36,0,False
900,97456,2026-09-22,Koramangala,Lunch,EatFit,Zomato,this is not what i ordered at all,Needs review,4,8,9.51,0,False
901,97522,2026-09-22,Koramangala,Snacks,EatFit,Zomato,dal had no flavour at all,Needs review,2,4,9.86,0,False
902,97542,2026-09-22,Koramangala,Dinner,Sharief Bhai,Zomato,One of the two items was not delivered.,Missing item,2,9,9.51,0,False
903,97551,2026-09-22,Koramangala,Dinner,Olio Pizza,Zomato,"pizza thanda tha, cheese hard",Needs review,4,9,15.7,0,True
904,97562,2026-09-22,Koramangala,Dinner,EatFit,Swiggy,No oregano or chilli flakes sachets in the box.,Missing item,2,9,8.17,0,False
905,97630,2026-09-22,Koramangala,Dinner,Sharief Bhai,Zomato,The mutton biryani was too salty today.,Taste or quality,2,9,9.46,0,False
906,97644,2026-09-22,Koramangala,Dinner,Sharief Bhai,Zomato,Rider said the kitchen was still preparing when he arrived.,Late delivery,3,9,15.17,0,True
907,97674,2026-09-22,Koramangala,Late night,Sharief Bhai,Swiggy,everything ice-cold by the time it came,Cold food,2,4,9.3,0,False
908,97700,2026-09-22,HSR Layout,Breakfast,Millet Express,Swiggy,Portion was much smaller than usual.,Quantity,1,2,6.28,0,False
909,97709,2026-09-22,HSR Layout,Breakfast,EatFit,Swiggy,Raita not included with the thali.,Missing item,2,2,6.2,0,False
910,97757,2026-09-22,HSR Layout,Lunch,Sharief Bhai,Swiggy,Took forever. Rider waited outside the kitchen for 20 minutes.,Late delivery,1,7,15.94,0,True
911,97898,2026-09-22,HSR Layout,Dinner,Olio Pizza,Zomato,delivery partner reached restaurant n waited 25 min for food,Late delivery,3,8,16.92,0,True
912,97958,2026-09-22,HSR Layout,Late night,Olio Pizza,Call centre,Box was crushed and the garlic bread was damaged.,Packaging or spill,2,3,13.7,0,False
913,97991,2026-09-22,Indiranagar,Breakfast,EatFit,Swiggy,"Oily and heavy, not what I expect from this brand.",Taste or quality,1,2,6.46,0,False
914,97994,2026-09-22,Indiranagar,Breakfast,EatFit,Zomato,my coke never came,Needs review,3,2,10.28,0,False
915,98253,2026-09-22,Indiranagar,Late night,Frozen Bottle,Zomato,this is not what i ordered at all,Needs review,1,3,4.57,0,False
916,98272,2026-09-22,Whitefield,Breakfast,EatFit,Zomato,The thali was too salty today.,Taste or quality,1,2,10.32,0,False
917,98419,2026-09-22,Whitefield,Dinner,Olio Pizza,Zomato,Garlic dip was missing from my order.,Missing item,2,7,10.7,0,False
918,98449,2026-09-22,Whitefield,Dinner,CakeZone,Call centre,Raita not included with the cake.,Missing item,2,7,6.75,0,False
919,98480,2026-09-22,Whitefield,Dinner,Olio Pizza,Swiggy,eta kept increasing every 5 min,Needs review,1,7,15.68,0,True
920,98689,2026-09-22,Bellandur,Dinner,Sharief Bhai,Swiggy,Mutton biryani was soggy and undercooked.,Taste or quality,2,7,9.12,0,False
921,98771,2026-09-22,Bellandur,Dinner,Olio Pizza,Zomato,box half empty,Needs review,3,7,15.29,0,True
922,98860,2026-09-22,Electronic City,Lunch,Millet Express,Zomato,"Half-filled container, felt cheated.",Quantity,1,6,6.72,0,False
923,98934,2026-09-22,Electronic City,Dinner,Olio Pizza,Swiggy,Rider said the kitchen was still preparing when he arrived.,Late delivery,3,7,15.02,0,True
924,99055,2026-09-22,JP Nagar,Snacks,Olio Pizza,Swiggy,"Slow again from this outlet, third time this week.",Late delivery,4,3,15.12,0,True
925,99257,2026-09-22,Jayanagar,Lunch,Sharief Bhai,Swiggy,Box was crushed and the biryani was damaged.,Packaging or spill,2,6,8.55,0,False
926,99283,2026-09-22,Jayanagar,Snacks,Olio Pizza,Swiggy,"Ordered for a team dinner, food came after everyone left.",Late delivery,4,3,15.69,0,True
927,99589,2026-09-22,Marathahalli,Dinner,Olio Pizza,Zomato,had to microwave the whole thing again,Needs review,4,7,16.5,0,True
928,99592,2026-09-22,Marathahalli,Dinner,Olio Pizza,Zomato,"Cold in the middle, clearly sat somewhere for a while.",Cold food,1,7,16.18,0,True
929,99604,2026-09-22,Marathahalli,Dinner,Olio Pizza,Swiggy,Pizza completely cold and rubbery.,Cold food,2,7,16.58,0,True
930,99618,2026-09-22,Marathahalli,Dinner,Olio Pizza,Call centre,Waited almost an hour for a simple garlic bread.,Late delivery,3,7,20.29,0,True
931,100244,2026-09-23,Koramangala,Late night,Sharief Bhai,Swiggy,had to microwave the whole thing again,Needs review,1,4,7.03,0,False
932,100256,2026-09-23,Koramangala,Late night,Olio Pizza,Swiggy,One of the two items was not delivered.,Missing item,2,4,11.95,0,False
933,100269,2026-09-23,Koramangala,Late night,Sharief Bhai,Call centre,Food was lukewarm by the time it reached.,Cold food,1,4,9.25,0,False
934,100272,2026-09-23,Koramangala,Late night,Sharief Bhai,Swiggy,Food was lukewarm by the time it reached.,Cold food,1,4,11.54,0,False
935,100846,2026-09-23,Whitefield,Breakfast,EatFit,Zomato,Portion was much smaller than usual.,Quantity,2,2,8.93,0,False
936,100919,2026-09-23,Whitefield,Lunch,Sharief Bhai,Zomato,Gravy leaked all over the bag.,Packaging or spill,1,6,8.08,0,False
937,100957,2026-09-23,Whitefield,Snacks,Olio Pizza,Swiggy,Rider said the kitchen was still preparing when he arrived.,Late delivery,3,3,16.19,0,True
938,101175,2026-09-23,Bellandur,Lunch,Sharief Bhai,Swiggy,"biryani was like room temp, no steam at all",Needs review,2,6,19.22,0,True
939,101254,2026-09-23,Bellandur,Dinner,Sharief Bhai,Zomato,Leaked through the bag onto my bike.,Packaging or spill,2,7,8.08,0,False
940,101305,2026-09-23,Bellandur,Dinner,Olio Pizza,Swiggy,The pizza was too salty today.,Taste or quality,2,7,10.46,0,False
941,101397,2026-09-23,Electronic City,Lunch,EatFit,Zomato,Dal-rice bowl was soggy and undercooked.,Taste or quality,3,6,8.41,0,False
942,101537,2026-09-23,JP Nagar,Lunch,EatFit,Swiggy,"Slow again from this outlet, third time this week.",Late delivery,3,6,15.75,0,True
943,101561,2026-09-23,JP Nagar,Lunch,Millet Express,Zomato,Got veg instead of chicken.,Wrong item,1,6,11.53,0,False
944,101574,2026-09-23,JP Nagar,Lunch,EatFit,Zomato,Took forever. Rider waited outside the kitchen for 20 minutes.,Late delivery,4,6,19.84,0,True
945,101584,2026-09-23,JP Nagar,Lunch,Sharief Bhai,Swiggy,Order reached 40 minutes after the promised time.,Late delivery,5,6,28.37,0,True
946,101591,2026-09-23,JP Nagar,Lunch,Millet Express,Zomato,Waited almost an hour for a simple ragi dosa.,Late delivery,2,6,17.68,0,True
947,102011,2026-09-23,Marathahalli,Breakfast,CakeZone,Swiggy,cake looked like it was dropped,Needs review,3,2,6.28,0,False
948,102680,2026-09-24,Koramangala,Dinner,Olio Pizza,Call centre,namak bahut zyada,Needs review,2,9,11.84,0,False
949,102749,2026-09-24,Koramangala,Late night,Sharief Bhai,Swiggy,had to microwave the whole thing again,Needs review,2,4,9.66,0,False
950,102813,2026-09-24,HSR Layout,Lunch,Olio Pizza,Swiggy,dip nahi tha phir se,Needs review,3,7,13.15,0,False
951,102908,2026-09-24,HSR Layout,Dinner,Olio Pizza,Zomato,No oregano or chilli flakes sachets in the box.,Missing item,3,8,11.0,0,False
952,102932,2026-09-24,HSR Layout,Dinner,Olio Pizza,Swiggy,No oregano or chilli flakes sachets in the box.,Missing item,2,8,11.68,0,False
953,102958,2026-09-24,HSR Layout,Dinner,Olio Pizza,Zomato,dip nahi tha phir se,Needs review,1,8,9.93,0,False
954,102997,2026-09-24,HSR Layout,Late night,Olio Pizza,Zomato,"paid 40 rs for dip, where is it?",Needs review,3,3,14.32,0,False
955,103001,2026-09-24,HSR Layout,Late night,Olio Pizza,Zomato,zero seasoning packets this time,Needs review,1,3,8.84,0,False
956,103149,2026-09-24,Indiranagar,Snacks,CakeZone,Swiggy,Leaked through the bag onto my bike.,Packaging or spill,1,3,4.38,0,False
957,103622,2026-09-24,Bellandur,Snacks,EatFit,Swiggy,sabzi was 2 spoons,Needs review,1,3,7.69,0,False
958,103633,2026-09-24,Bellandur,Snacks,Olio Pizza,Swiggy,"Tasted stale, not like usual.",Taste or quality,1,3,8.51,0,False
959,103820,2026-09-24,Electronic City,Dinner,Olio Pizza,Swiggy,"sent me a margherita, ordered farmhouse",Needs review,3,7,9.92,0,False
960,104034,2026-09-24,JP Nagar,Dinner,Olio Pizza,Zomato,"Ordered for a team dinner, food came after everyone left.",Late delivery,2,7,16.09,0,True
961,104414,2026-09-24,Marathahalli,Snacks,Olio Pizza,Zomato,Food was lukewarm by the time it reached.,Cold food,4,3,18.41,0,True
962,104718,2026-09-24,Hebbal,Dinner,Sharief Bhai,Swiggy,this is not what i ordered at all,Needs review,1,7,6.57,0,False
963,104971,2026-09-25,Koramangala,Dinner,Olio Pizza,Zomato,Leaked through the bag onto my bike.,Packaging or spill,2,9,11.34,0,False
964,104988,2026-09-25,Koramangala,Dinner,EatFit,Swiggy,"Half-filled container, felt cheated.",Quantity,2,9,12.73,0,False
965,105021,2026-09-25,Koramangala,Dinner,Olio Pizza,Call centre,"Container lid broken, everything spilled.",Packaging or spill,2,9,11.05,0,False
966,105027,2026-09-25,Koramangala,Dinner,Sharief Bhai,Swiggy,biryani smelled off,Needs review,4,9,11.85,0,False
967,105045,2026-09-25,Koramangala,Late night,Sharief Bhai,Zomato,"Cold in the middle, clearly sat somewhere for a while.",Cold food,1,4,6.18,0,False
968,105059,2026-09-25,Koramangala,Late night,Sharief Bhai,Swiggy,everything ice-cold by the time it came,Cold food,2,4,10.23,0,False
969,105071,2026-09-25,Koramangala,Late night,Sharief Bhai,Call centre,Food was lukewarm by the time it reached.,Cold food,4,4,20.67,0,True
970,105081,2026-09-25,Koramangala,Late night,Sharief Bhai,Swiggy,Biryani completely cold and rubbery.,Cold food,1,4,14.23,0,False
971,105089,2026-09-25,Koramangala,Late night,Sharief Bhai,Zomato,had to microwave the whole thing again,Needs review,2,4,16.25,0,True
972,105091,2026-09-25,Koramangala,Late night,Sharief Bhai,Swiggy,Food was lukewarm by the time it reached.,Cold food,1,4,11.36,0,False
973,105131,2026-09-25,HSR Layout,Lunch,Sharief Bhai,Zomato,"curry all over the bag, box was wet",Needs review,1,7,7.68,0,False
974,105164,2026-09-25,HSR Layout,Lunch,EatFit,Zomato,The thali was too salty today.,Taste or quality,2,7,8.75,0,False
975,105260,2026-09-25,HSR Layout,Dinner,EatFit,Swiggy,"Tasted stale, not like usual.",Taste or quality,2,8,7.37,0,False
976,105268,2026-09-25,HSR Layout,Dinner,Olio Pizza,Zomato,dip nahi tha phir se,Needs review,2,8,11.55,0,False
977,105312,2026-09-25,HSR Layout,Dinner,Olio Pizza,Zomato,"paid 40 rs for dip, where is it?",Needs review,1,8,8.86,0,False
978,105329,2026-09-25,HSR Layout,Dinner,Olio Pizza,Call centre,"Paid for extra dip, not in the bag.",Missing item,1,8,7.49,0,False
979,105341,2026-09-25,HSR Layout,Dinner,Olio Pizza,Swiggy,Garlic dip was missing again.,Missing item,1,8,10.36,0,False
980,105343,2026-09-25,HSR Layout,Dinner,Olio Pizza,Zomato,dip nahi tha phir se,Needs review,1,8,8.75,0,False
981,105366,2026-09-25,HSR Layout,Late night,Olio Pizza,Swiggy,dip nahi tha phir se,Needs review,2,3,9.56,0,False
982,105369,2026-09-25,HSR Layout,Late night,Frozen Bottle,Zomato,box half empty,Needs review,1,3,3.54,0,False
983,105430,2026-09-25,Indiranagar,Lunch,EatFit,Call centre,Raita not included with the dal-rice bowl.,Missing item,4,7,10.22,0,False
984,105471,2026-09-25,Indiranagar,Lunch,Millet Express,Zomato,"Ordered a ragi dosa, got something different.",Wrong item,3,7,13.88,0,False
985,105558,2026-09-25,Indiranagar,Dinner,Olio Pizza,Swiggy,"Slow again from this outlet, third time this week.",Late delivery,4,8,16.29,0,True
986,105668,2026-09-25,Indiranagar,Dinner,Sharief Bhai,Swiggy,"Overcooked and mushy, not good.",Taste or quality,1,8,8.0,0,False
987,105688,2026-09-25,Indiranagar,Late night,Olio Pizza,Zomato,"Half-filled container, felt cheated.",Quantity,1,3,7.42,0,False
988,105724,2026-09-25,Whitefield,Breakfast,CakeZone,Swiggy,Leaked through the bag onto my bike.,Packaging or spill,1,2,3.88,0,False
989,105855,2026-09-25,Whitefield,Dinner,Olio Pizza,Swiggy,"curry all over the bag, box was wet",Needs review,1,7,9.26,0,False
990,105856,2026-09-25,Whitefield,Dinner,Olio Pizza,Swiggy,"food reached after ages, kids slept hungry",Needs review,4,7,16.99,0,True
991,105903,2026-09-25,Whitefield,Dinner,Sharief Bhai,Swiggy,Garlic dip was missing from my order.,Missing item,2,7,8.55,0,False
992,105916,2026-09-25,Whitefield,Dinner,Olio Pizza,Swiggy,"food reached after ages, kids slept hungry",Needs review,2,7,16.79,0,True
993,106036,2026-09-25,Bellandur,Lunch,EatFit,Swiggy,"Tasted stale, not like usual.",Taste or quality,1,6,6.58,0,False
994,106103,2026-09-25,Bellandur,Snacks,Olio Pizza,Call centre,"sent me a margherita, ordered farmhouse",Needs review,1,3,7.32,0,False
995,106190,2026-09-25,Bellandur,Dinner,Sharief Bhai,Zomato,"Slow again from this outlet, third time this week.",Late delivery,4,7,15.22,0,True
996,106209,2026-09-25,Bellandur,Dinner,Sharief Bhai,Zomato,"Overcooked and mushy, not good.",Taste or quality,1,7,7.16,0,False
997,106418,2026-09-25,JP Nagar,Breakfast,Millet Express,Swiggy,Raita not included with the ragi dosa.,Missing item,5,2,11.91,0,False
998,106423,2026-09-25,JP Nagar,Breakfast,Millet Express,Swiggy,App kept showing 'preparing' for 30 minutes. Very slow.,Late delivery,3,2,17.01,0,True
999,106515,2026-09-25,JP Nagar,Snacks,Sharief Bhai,Zomato,"curry all over the bag, box was wet",Needs review,2,3,10.38,0,False
1000,106841,2026-09-25,Jayanagar,Dinner,Olio Pizza,Swiggy,No oregano or chilli flakes sachets in the box.,Missing item,1,7,11.16,0,False
1001,107028,2026-09-25,Marathahalli,Dinner,Olio Pizza,Swiggy,No oregano or chilli flakes sachets in the box.,Missing item,1,7,8.28,0,False
1002,107046,2026-09-25,Marathahalli,Dinner,Olio Pizza,Swiggy,Order reached 44 minutes after the promised time.,Late delivery,2,7,15.46,0,True
1003,107047,2026-09-25,Marathahalli,Dinner,EatFit,Zomato,"food reached after ages, kids slept hungry",Needs review,3,7,15.87,0,True
1004,107071,2026-09-25,Marathahalli,Dinner,Olio Pizza,Zomato,Farmhouse pizza completely cold and rubbery.,Cold food,1,7,18.59,0,True
1005,107074,2026-09-25,Marathahalli,Dinner,Sharief Bhai,Zomato,Waited almost an hour for a simple mutton biryani.,Late delivery,2,7,19.45,0,True
1006,107092,2026-09-25,Marathahalli,Dinner,Sharief Bhai,Swiggy,"ordered at 8.10 got it 9.05, unacceptable",Needs review,2,7,17.83,0,True
1007,107098,2026-09-25,Marathahalli,Dinner,Olio Pizza,Swiggy,delivery partner reached restaurant n waited 25 min for food,Late delivery,1,7,17.28,0,True
1008,107112,2026-09-25,Marathahalli,Dinner,EatFit,Swiggy,"Oily and heavy, not what I expect from this brand.",Taste or quality,1,7,7.73,0,False
1009,107188,2026-09-25,Hebbal,Lunch,Millet Express,Zomato,Wrong size delivered.,Wrong item,2,6,11.04,0,False
1010,107243,2026-09-25,Hebbal,Dinner,Olio Pizza,Zomato,"Overcooked and mushy, not good.",Taste or quality,2,7,11.19,0,False
1011,107247,2026-09-25,Hebbal,Dinner,Sharief Bhai,Zomato,box half empty,Needs review,1,7,7.4,0,False
1012,107275,2026-09-25,Hebbal,Dinner,Millet Express,Zomato,my coke never came,Needs review,1,7,6.1,0,False
1013,107282,2026-09-25,Hebbal,Dinner,EatFit,Swiggy,Extra cheese charged but not added.,Missing item,3,7,8.66,0,False
1014,107460,2026-09-26,Koramangala,Snacks,Olio Pizza,Swiggy,"Half-filled container, felt cheated.",Quantity,2,4,9.05,0,False
1015,107592,2026-09-26,Koramangala,Dinner,Sharief Bhai,Swiggy,namak bahut zyada,Needs review,1,9,7.62,0,False
1016,107607,2026-09-26,Koramangala,Dinner,Sharief Bhai,Swiggy,Received someone else's order.,Wrong item,1,9,6.99,0,False
1017,107619,2026-09-26,Koramangala,Late night,Sharief Bhai,Zomato,everything ice-cold by the time it came,Cold food,3,4,10.16,0,False
1018,107638,2026-09-26,Koramangala,Late night,Sharief Bhai,Call centre,had to microwave the whole thing again,Needs review,2,4,7.93,0,False
1019,107653,2026-09-26,Koramangala,Late night,Sharief Bhai,Zomato,"biryani was like room temp, no steam at all",Needs review,2,4,9.26,0,False
1020,107688,2026-09-26,HSR Layout,Lunch,EatFit,Zomato,Very little in the thali for the price.,Quantity,1,7,7.5,0,False
1021,107813,2026-09-26,HSR Layout,Dinner,EatFit,Swiggy,Order reached 57 minutes after the promised time.,Late delivery,4,8,15.73,0,True
1022,107883,2026-09-26,HSR Layout,Dinner,Olio Pizza,Swiggy,Dip and seasoning both missing from the pizza order.,Missing item,3,8,17.25,0,True
1023,107934,2026-09-26,HSR Layout,Late night,Olio Pizza,Call centre,Garlic dip was missing again.,Missing item,1,3,11.75,0,False
1024,108078,2026-09-26,Indiranagar,Dinner,Sharief Bhai,Zomato,"food reached after ages, kids slept hungry",Needs review,5,8,17.39,0,True
1025,108117,2026-09-26,Indiranagar,Dinner,Olio Pizza,Zomato,App kept showing 'preparing' for 30 minutes. Very slow.,Late delivery,3,8,16.12,0,True
1026,108336,2026-09-26,Whitefield,Dinner,Millet Express,Zomato,"curry all over the bag, box was wet",Needs review,2,7,8.98,0,False
1027,108359,2026-09-26,Whitefield,Dinner,Olio Pizza,Zomato,eta kept increasing every 5 min,Needs review,2,7,16.01,0,True
1028,108594,2026-09-26,Bellandur,Dinner,Sharief Bhai,Swiggy,eta kept increasing every 5 min,Needs review,3,7,15.03,0,True
1029,108619,2026-09-26,Bellandur,Dinner,Sharief Bhai,Swiggy,"Half-filled container, felt cheated.",Quantity,1,7,14.88,0,False
1030,108630,2026-09-26,Bellandur,Dinner,EatFit,Zomato,App kept showing 'preparing' for 30 minutes. Very slow.,Late delivery,3,7,16.19,0,True
1031,108658,2026-09-26,Bellandur,Dinner,Sharief Bhai,Zomato,Got veg instead of chicken.,Wrong item,1,7,9.26,0,False
1032,108692,2026-09-26,Bellandur,Dinner,Olio Pizza,Swiggy,Very little in the garlic bread for the price.,Quantity,1,7,7.72,0,False
1033,108855,2026-09-26,Electronic City,Dinner,Sharief Bhai,Zomato,The biryani was too salty today.,Taste or quality,1,7,9.08,0,False
1034,109025,2026-09-26,JP Nagar,Dinner,Olio Pizza,Swiggy,eta kept increasing every 5 min,Needs review,3,7,18.41,0,True
1035,109089,2026-09-26,JP Nagar,Dinner,Olio Pizza,Swiggy,Rider said the kitchen was still preparing when he arrived.,Late delivery,2,7,16.8,0,True
1036,109145,2026-09-26,Jayanagar,Breakfast,CakeZone,Zomato,"Paid for a combo, the drink was not in the bag.",Missing item,4,2,7.18,0,False
1037,109164,2026-09-26,Jayanagar,Lunch,Olio Pizza,Zomato,delivery partner reached restaurant n waited 25 min for food,Late delivery,4,6,16.54,0,True
1038,109315,2026-09-26,Jayanagar,Dinner,Olio Pizza,Zomato,"Slow again from this outlet, third time this week.",Late delivery,4,7,16.83,0,True
1039,109480,2026-09-26,Marathahalli,Snacks,EatFit,Zomato,No oregano or chilli flakes sachets in the box.,Missing item,2,3,7.51,0,False
1040,109523,2026-09-26,Marathahalli,Dinner,Olio Pizza,Zomato,App kept showing 'preparing' for 30 minutes. Very slow.,Late delivery,2,7,15.09,0,True
1041,109540,2026-09-26,Marathahalli,Dinner,Olio Pizza,Swiggy,App kept showing 'preparing' for 30 minutes. Very slow.,Late delivery,4,7,18.32,0,True
1042,109723,2026-09-26,Hebbal,Snacks,Olio Pizza,Zomato,Order reached 25 minutes after the promised time.,Late delivery,1,3,15.71,0,True
1043,109797,2026-09-26,Hebbal,Dinner,EatFit,Call centre,eta kept increasing every 5 min,Needs review,4,7,15.11,0,True
1044,110132,2026-09-27,Koramangala,Dinner,Olio Pizza,Zomato,Box was crushed and the farmhouse pizza was damaged.,Packaging or spill,1,9,10.65,0,False
1045,110156,2026-09-27,Koramangala,Late night,Sharief Bhai,Zomato,Food was lukewarm by the time it reached.,Cold food,4,4,11.02,0,False
1046,110172,2026-09-27,Koramangala,Late night,Sharief Bhai,Swiggy,had to microwave the whole thing again,Needs review,1,4,8.27,0,False
1047,110182,2026-09-27,Koramangala,Late night,Sharief Bhai,Zomato,"biryani was like room temp, no steam at all",Needs review,2,4,7.7,0,False
1048,110194,2026-09-27,Koramangala,Late night,CakeZone,Zomato,namak bahut zyada,Needs review,1,4,4.78,0,False
1049,110349,2026-09-27,HSR Layout,Dinner,Olio Pizza,Zomato,"Paid for extra dip, not in the bag.",Missing item,2,8,10.21,0,False
1050,110408,2026-09-27,HSR Layout,Dinner,Olio Pizza,Zomato,No oregano or chilli flakes sachets in the box.,Missing item,2,8,9.8,0,False
1051,110434,2026-09-27,HSR Layout,Dinner,Olio Pizza,Zomato,"The farmhouse pizza arrived cold, had to reheat it.",Cold food,3,8,15.21,0,True
1052,110450,2026-09-27,HSR Layout,Dinner,Olio Pizza,Zomato,zero seasoning packets this time,Needs review,2,8,12.04,0,False
1053,110488,2026-09-27,HSR Layout,Late night,Olio Pizza,Swiggy,No oregano or chilli flakes sachets in the box.,Missing item,2,3,11.08,0,False
1054,110494,2026-09-27,HSR Layout,Late night,Olio Pizza,Swiggy,dip nahi tha phir se,Needs review,1,3,8.34,0,False
1055,110678,2026-09-27,Indiranagar,Dinner,Olio Pizza,Swiggy,"food reached after ages, kids slept hungry",Needs review,3,8,15.68,0,True
1056,110805,2026-09-27,Whitefield,Breakfast,Millet Express,Swiggy,"Ordered for a team dinner, food came after everyone left.",Late delivery,3,2,18.42,0,True
1057,110806,2026-09-27,Whitefield,Breakfast,EatFit,Swiggy,delivery partner reached restaurant n waited 25 min for food,Late delivery,1,2,16.98,0,True
1058,110980,2026-09-27,Whitefield,Dinner,Olio Pizza,Swiggy,Food was lukewarm by the time it reached.,Cold food,3,7,15.1,0,True
1059,111003,2026-09-27,Whitefield,Dinner,Olio Pizza,Call centre,namak bahut zyada,Needs review,1,7,7.89,0,False
1060,111247,2026-09-27,Bellandur,Dinner,Olio Pizza,Zomato,Farmhouse pizza was soggy and undercooked.,Taste or quality,2,7,11.78,0,False
1061,111466,2026-09-27,JP Nagar,Lunch,Olio Pizza,Zomato,Very little in the farmhouse pizza for the price.,Quantity,2,6,10.66,0,False
1062,111533,2026-09-27,JP Nagar,Snacks,Frozen Bottle,Call centre,Garlic dip was missing from my order.,Missing item,2,3,4.6,0,False
1063,111557,2026-09-27,JP Nagar,Dinner,EatFit,Zomato,dal had no flavour at all,Needs review,2,7,8.15,0,False
1064,111578,2026-09-27,JP Nagar,Dinner,Olio Pizza,Swiggy,"Oily and heavy, not what I expect from this brand.",Taste or quality,3,7,12.55,0,False
1065,111869,2026-09-27,Jayanagar,Dinner,Olio Pizza,Zomato,Order reached 53 minutes after the promised time.,Late delivery,3,7,16.62,0,True
1066,111992,2026-09-27,Marathahalli,Snacks,Frozen Bottle,Zomato,The ice cream was too salty today.,Taste or quality,1,3,4.71,0,False
1067,112064,2026-09-27,Marathahalli,Dinner,CakeZone,Zomato,Jar cake was soggy and undercooked.,Taste or quality,3,7,10.96,0,False
1068,112391,2026-09-28,Koramangala,Lunch,Olio Pizza,Swiggy,"food reached after ages, kids slept hungry",Needs review,4,8,15.52,0,True
1069,112557,2026-09-28,Koramangala,Dinner,Sharief Bhai,Zomato,Raita not included with the biryani.,Missing item,1,9,7.87,0,False
1070,112596,2026-09-28,Koramangala,Dinner,Olio Pizza,Call centre,Wrong size delivered.,Wrong item,1,9,10.26,0,False
1071,112672,2026-09-28,Koramangala,Late night,Sharief Bhai,Swiggy,"Cold in the middle, clearly sat somewhere for a while.",Cold food,3,4,10.36,0,False
1072,112690,2026-09-28,HSR Layout,Breakfast,EatFit,Swiggy,sabzi was 2 spoons,Needs review,1,2,6.04,0,False
1073,112858,2026-09-28,HSR Layout,Dinner,Olio Pizza,Swiggy,Garlic dip was missing again.,Missing item,1,8,10.22,0,False
1074,112910,2026-09-28,HSR Layout,Late night,Olio Pizza,Zomato,Garlic dip was missing again.,Missing item,1,3,16.1,0,True
1075,112928,2026-09-28,HSR Layout,Late night,Olio Pizza,Call centre,Garlic dip was missing again.,Missing item,2,3,10.88,0,False
1076,112948,2026-09-28,Indiranagar,Breakfast,CakeZone,Swiggy,The truffle cake was too salty today.,Taste or quality,1,2,4.05,0,False
1077,112974,2026-09-28,Indiranagar,Lunch,Sharief Bhai,Swiggy,my coke never came,Needs review,1,7,7.55,0,False
1078,113046,2026-09-28,Indiranagar,Snacks,Millet Express,Swiggy,"Half-filled container, felt cheated.",Quantity,1,3,6.84,0,False
1079,113188,2026-09-28,Indiranagar,Late night,CakeZone,Zomato,One of the two items was not delivered.,Missing item,1,3,3.76,0,False
1080,113408,2026-09-28,Whitefield,Late night,Olio Pizza,Zomato,Order reached 39 minutes after the promised time.,Late delivery,1,3,15.76,0,True
1081,113531,2026-09-28,Bellandur,Snacks,Olio Pizza,Swiggy,The farmhouse pizza was too salty today.,Taste or quality,2,3,11.2,0,False
1082,113583,2026-09-28,Bellandur,Dinner,Sharief Bhai,Zomato,"food reached after ages, kids slept hungry",Needs review,2,7,15.52,0,True
1083,113788,2026-09-28,Electronic City,Dinner,Olio Pizza,Call centre,Rider said the kitchen was still preparing when he arrived.,Late delivery,4,7,15.2,0,True
1084,113791,2026-09-28,Electronic City,Dinner,CakeZone,Swiggy,One of the two items was not delivered.,Missing item,3,7,6.31,0,False
1085,113863,2026-09-28,JP Nagar,Lunch,Olio Pizza,Zomato,Received someone else's order.,Wrong item,2,6,10.08,0,False
1086,113902,2026-09-28,JP Nagar,Dinner,EatFit,Zomato,The thali was too salty today.,Taste or quality,1,7,5.26,0,False
1087,114039,2026-09-28,Jayanagar,Breakfast,EatFit,Swiggy,"Ordered for a team dinner, food came after everyone left.",Late delivery,3,2,17.27,0,True
1088,114188,2026-09-28,Jayanagar,Dinner,Sharief Bhai,Swiggy,"Oily and heavy, not what I expect from this brand.",Taste or quality,1,7,7.4,0,False
1089,114310,2026-09-28,Marathahalli,Lunch,EatFit,Swiggy,namak bahut zyada,Needs review,1,6,8.17,0,False
1090,114353,2026-09-28,Marathahalli,Snacks,EatFit,Swiggy,One of the two items was not delivered.,Missing item,3,3,8.32,0,False
1091,114426,2026-09-28,Marathahalli,Dinner,EatFit,Zomato,"Oily and heavy, not what I expect from this brand.",Taste or quality,2,7,6.72,0,False
1092,114448,2026-09-28,Marathahalli,Dinner,Olio Pizza,Swiggy,"Overcooked and mushy, not good.",Taste or quality,1,7,11.33,0,False
1093,114480,2026-09-28,Hebbal,Breakfast,Millet Express,Swiggy,box half empty,Needs review,2,2,9.06,0,False
1094,114682,2026-09-28,Hebbal,Late night,Sharief Bhai,Zomato,Received someone else's order.,Wrong item,1,3,9.2,0,False
1095,114976,2026-09-29,Koramangala,Late night,Sharief Bhai,Swiggy,Food was lukewarm by the time it reached.,Cold food,1,4,7.28,0,False
1096,114978,2026-09-29,Koramangala,Late night,Sharief Bhai,Swiggy,"The biryani arrived cold, had to reheat it.",Cold food,1,4,8.71,0,False
1097,114983,2026-09-29,Koramangala,Late night,Sharief Bhai,Call centre,"The chicken biryani arrived cold, had to reheat it.",Cold food,1,4,7.36,0,False
1098,114984,2026-09-29,Koramangala,Late night,Sharief Bhai,Swiggy,Mutton biryani completely cold and rubbery.,Cold food,1,4,8.5,0,False
1099,115099,2026-09-29,HSR Layout,Snacks,EatFit,Zomato,dal had no flavour at all,Needs review,1,3,6.68,0,False
1100,115102,2026-09-29,HSR Layout,Snacks,EatFit,Call centre,One of the two items was not delivered.,Missing item,2,3,8.82,0,False
1101,115132,2026-09-29,HSR Layout,Dinner,Olio Pizza,Zomato,zero seasoning packets this time,Needs review,3,8,11.72,0,False
1102,115198,2026-09-29,HSR Layout,Dinner,Olio Pizza,Swiggy,dip nahi tha phir se,Needs review,2,8,11.55,0,False
1103,115214,2026-09-29,HSR Layout,Dinner,Olio Pizza,Zomato,Order reached 25 minutes after the promised time.,Late delivery,2,8,15.03,0,True
1104,115340,2026-09-29,Indiranagar,Lunch,Sharief Bhai,Swiggy,"Cold in the middle, clearly sat somewhere for a while.",Cold food,3,7,20.27,0,True
1105,115368,2026-09-29,Indiranagar,Lunch,Millet Express,Swiggy,"Tasted stale, not like usual.",Taste or quality,2,7,13.8,0,False
1106,115487,2026-09-29,Indiranagar,Dinner,Olio Pizza,Swiggy,eta kept increasing every 5 min,Needs review,2,8,15.14,0,True
1107,115488,2026-09-29,Indiranagar,Dinner,Frozen Bottle,Swiggy,"Container lid broken, everything spilled.",Packaging or spill,1,8,10.89,0,False
1108,115554,2026-09-29,Indiranagar,Late night,CakeZone,Zomato,Gravy leaked all over the bag.,Packaging or spill,1,3,4.28,0,False
1109,115708,2026-09-29,Whitefield,Dinner,Millet Express,Zomato,"Cold in the middle, clearly sat somewhere for a while.",Cold food,3,5,18.62,0,True
1110,115713,2026-09-29,Whitefield,Dinner,Sharief Bhai,Swiggy,Order reached 33 minutes after the promised time.,Late delivery,2,5,17.42,0,True
1111,115733,2026-09-29,Whitefield,Dinner,Millet Express,Swiggy,Rider said the kitchen was still preparing when he arrived.,Late delivery,1,5,20.06,0,True
1112,115735,2026-09-29,Whitefield,Dinner,EatFit,Zomato,"food reached after ages, kids slept hungry",Needs review,2,5,26.75,0,True
1113,115738,2026-09-29,Whitefield,Dinner,EatFit,Swiggy,Rider said the kitchen was still preparing when he arrived.,Late delivery,6,5,31.29,0,True
1114,115744,2026-09-29,Whitefield,Dinner,EatFit,Call centre,delivery partner reached restaurant n waited 25 min for food,Late delivery,3,5,31.41,0,True
1115,115747,2026-09-29,Whitefield,Dinner,Sharief Bhai,Swiggy,Rider said the kitchen was still preparing when he arrived.,Late delivery,1,5,29.9,0,True
1116,115751,2026-09-29,Whitefield,Dinner,Olio Pizza,Swiggy,"ordered at 8.10 got it 9.05, unacceptable",Needs review,2,5,33.57,0,True
1117,115757,2026-09-29,Whitefield,Dinner,Sharief Bhai,Swiggy,"Slow again from this outlet, third time this week.",Late delivery,1,5,36.06,0,True
1118,115767,2026-09-29,Whitefield,Dinner,Olio Pizza,Call centre,Farmhouse pizza completely cold and rubbery.,Cold food,1,5,44.17,0,True
1119,115775,2026-09-29,Whitefield,Dinner,Sharief Bhai,Call centre,Biryani completely cold and rubbery.,Cold food,1,5,41.9,0,True
1120,115780,2026-09-29,Whitefield,Dinner,EatFit,Zomato,Took forever. Rider waited outside the kitchen for 20 minutes.,Late delivery,2,5,46.78,0,True
1121,115791,2026-09-29,Whitefield,Dinner,Olio Pizza,Call centre,delivery partner reached restaurant n waited 25 min for food,Late delivery,1,5,55.49,0,True
1122,115792,2026-09-29,Whitefield,Dinner,EatFit,Swiggy,"food reached after ages, kids slept hungry",Needs review,2,5,54.8,0,True
1123,115798,2026-09-29,Whitefield,Dinner,Sharief Bhai,Zomato,eta kept increasing every 5 min,Needs review,4,5,65.98,0,True
1124,115804,2026-09-29,Whitefield,Dinner,Sharief Bhai,Zomato,"Cold in the middle, clearly sat somewhere for a while.",Cold food,2,5,60.44,0,True
1125,115807,2026-09-29,Whitefield,Dinner,Sharief Bhai,Zomato,"food reached after ages, kids slept hungry",Needs review,2,5,64.79,0,True
1126,115810,2026-09-29,Whitefield,Dinner,Olio Pizza,Swiggy,Farmhouse pizza completely cold and rubbery.,Cold food,1,5,64.99,0,True
1127,115811,2026-09-29,Whitefield,Dinner,Sharief Bhai,Swiggy,"food reached after ages, kids slept hungry",Needs review,1,5,66.79,0,True
1128,115813,2026-09-29,Whitefield,Dinner,Olio Pizza,Zomato,App kept showing 'preparing' for 30 minutes. Very slow.,Late delivery,1,5,71.31,0,True
1129,115817,2026-09-29,Whitefield,Dinner,Sharief Bhai,Swiggy,delivery partner reached restaurant n waited 25 min for food,Late delivery,1,5,67.64,0,True
1130,115824,2026-09-29,Whitefield,Dinner,CakeZone,Zomato,Order reached 42 minutes after the promised time.,Late delivery,2,5,54.84,0,True
1131,115825,2026-09-29,Whitefield,Dinner,EatFit,Swiggy,"Paid for a combo, the drink was not in the bag.",Missing item,1,5,37.73,0,True
1132,116042,2026-09-29,Bellandur,Dinner,Sharief Bhai,Zomato,Took forever. Rider waited outside the kitchen for 20 minutes.,Late delivery,4,7,17.82,0,True
1133,116300,2026-09-29,JP Nagar,Lunch,Sharief Bhai,Zomato,my coke never came,Needs review,1,6,7.43,0,False
1134,116336,2026-09-29,JP Nagar,Lunch,EatFit,Call centre,"Paid for a combo, the drink was not in the bag.",Missing item,1,6,9.51,0,False
1135,116371,2026-09-29,JP Nagar,Snacks,EatFit,Zomato,"Container lid broken, everything spilled.",Packaging or spill,1,3,7.56,0,False
1136,116439,2026-09-29,JP Nagar,Dinner,Olio Pizza,Zomato,Waited almost an hour for a simple farmhouse pizza.,Late delivery,3,7,15.53,0,True
1137,116581,2026-09-29,Jayanagar,Lunch,Sharief Bhai,Swiggy,"The mutton biryani arrived cold, had to reheat it.",Cold food,3,6,18.96,0,True
1138,116673,2026-09-29,Jayanagar,Dinner,Olio Pizza,Zomato,Waited almost an hour for a simple farmhouse pizza.,Late delivery,3,7,18.65,0,True
1139,116676,2026-09-29,Jayanagar,Dinner,Olio Pizza,Swiggy,"Ordered for a team dinner, food came after everyone left.",Late delivery,2,7,16.19,0,True
1140,116838,2026-09-29,Marathahalli,Lunch,Sharief Bhai,Zomato,App kept showing 'preparing' for 30 minutes. Very slow.,Late delivery,1,6,19.06,0,True
1141,116846,2026-09-29,Marathahalli,Lunch,Sharief Bhai,Zomato,"The mutton biryani arrived cold, had to reheat it.",Cold food,3,6,17.82,0,True
1142,116848,2026-09-29,Marathahalli,Lunch,Olio Pizza,Zomato,Order reached 32 minutes after the promised time.,Late delivery,1,6,18.18,0,True
1143,117164,2026-09-29,Hebbal,Dinner,Olio Pizza,Swiggy,Waited almost an hour for a simple pizza.,Late delivery,3,7,16.7,0,True
1144,117241,2026-09-30,Koramangala,Breakfast,EatFit,Swiggy,everything ice-cold by the time it came,Cold food,3,2,23.45,0,True
1145,117371,2026-09-30,Koramangala,Snacks,CakeZone,Swiggy,"curry all over the bag, box was wet",Needs review,1,4,5.61,0,False
1146,117478,2026-09-30,Koramangala,Late night,Sharief Bhai,Swiggy,Mutton biryani completely cold and rubbery.,Cold food,1,4,5.66,0,False
1147,117498,2026-09-30,Koramangala,Late night,Sharief Bhai,Zomato,Mutton biryani completely cold and rubbery.,Cold food,3,4,14.11,0,False
1148,117658,2026-09-30,HSR Layout,Dinner,Olio Pizza,Zomato,"Paid for extra dip, not in the bag.",Missing item,5,8,15.71,0,True
1149,117682,2026-09-30,HSR Layout,Dinner,Olio Pizza,Swiggy,dip nahi tha phir se,Needs review,3,8,10.67,0,False
1150,117698,2026-09-30,HSR Layout,Dinner,Olio Pizza,Zomato,Garlic dip was missing again.,Missing item,4,8,11.97,0,False
1151,117725,2026-09-30,HSR Layout,Dinner,Olio Pizza,Swiggy,zero seasoning packets this time,Needs review,2,8,11.87,0,False
1152,117742,2026-09-30,HSR Layout,Late night,CakeZone,Swiggy,"order was cancelled after accepting, no cake",Missing item,2,3,5.33,0,False
1153,117744,2026-09-30,HSR Layout,Late night,Olio Pizza,Swiggy,"Paid for extra dip, not in the bag.",Missing item,1,3,10.31,0,False
1154,118191,2026-09-30,Whitefield,Dinner,Sharief Bhai,Swiggy,"bhai 1 ghanta laga, kya kar rahe ho",Needs review,2,5,15.26,0,True
1155,118500,2026-09-30,Electronic City,Lunch,Olio Pizza,Zomato,my coke never came,Needs review,2,6,11.47,0,False
1156,118516,2026-09-30,Electronic City,Lunch,EatFit,Zomato,Extra cheese charged but not added.,Missing item,4,6,13.09,0,False
1157,118691,2026-09-30,JP Nagar,Snacks,Olio Pizza,Swiggy,"Slow again from this outlet, third time this week.",Late delivery,4,3,17.51,0,True
1158,118746,2026-09-30,JP Nagar,Dinner,Olio Pizza,Swiggy,box half empty,Needs review,1,7,7.79,0,False
1159,118820,2026-09-30,JP Nagar,Late night,Olio Pizza,Zomato,namak bahut zyada,Needs review,2,3,10.71,0,False
1160,119018,2026-09-30,Jayanagar,Dinner,Olio Pizza,Zomato,delivery partner reached restaurant n waited 25 min for food,Late delivery,4,7,17.46,0,True
1161,119026,2026-09-30,Jayanagar,Dinner,EatFit,Swiggy,box half empty,Needs review,1,7,7.54,0,False
1162,119233,2026-09-30,Marathahalli,Dinner,Sharief Bhai,Call centre,Very little in the mutton biryani for the price.,Quantity,1,7,6.53,0,False
1163,119244,2026-09-30,Marathahalli,Dinner,Olio Pizza,Swiggy,Took forever. Rider waited outside the kitchen for 20 minutes.,Late delivery,5,7,18.86,0,True
1164,119288,2026-09-30,Marathahalli,Late night,EatFit,Call centre,"Cold in the middle, clearly sat somewhere for a while.",Cold food,3,3,15.73,0,True
1165,119439,2026-09-30,Hebbal,Dinner,Olio Pizza,Swiggy,App kept showing 'preparing' for 30 minutes. Very slow.,Late delivery,3,7,19.54,0,True
1166,119490,2026-09-30,Hebbal,Dinner,Olio Pizza,Zomato,"curry all over the bag, box was wet",Needs review,1,7,8.96,0,False
1167,119493,2026-09-30,Hebbal,Dinner,Olio Pizza,Swiggy,"Oily and heavy, not what I expect from this brand.",Taste or quality,2,7,10.09,0,False
1168,119516,2026-10-01,Koramangala,Breakfast,Millet Express,Swiggy,"dosa was rubber, chutney sour",Needs review,2,2,9.82,0,False
1169,119623,2026-10-01,Koramangala,Lunch,EatFit,Swiggy,Box was crushed and the dal-rice bowl was damaged.,Packaging or spill,1,8,6.64,0,False
1170,119628,2026-10-01,Koramangala,Lunch,EatFit,Swiggy,"Oily and heavy, not what I expect from this brand.",Taste or quality,1,8,7.23,0,False
1171,119663,2026-10-01,Koramangala,Snacks,Millet Express,Swiggy,Box was crushed and the ragi dosa was damaged.,Packaging or spill,2,4,9.15,0,False
1172,119783,2026-10-01,Koramangala,Late night,Sharief Bhai,Zomato,everything ice-cold by the time it came,Cold food,4,4,9.55,0,False
1173,119786,2026-10-01,Koramangala,Late night,Sharief Bhai,Zomato,"Cold in the middle, clearly sat somewhere for a while.",Cold food,3,4,11.06,0,False
1174,119789,2026-10-01,Koramangala,Late night,Sharief Bhai,Swiggy,Biryani completely cold and rubbery.,Cold food,1,4,8.87,0,False
1175,119938,2026-10-01,HSR Layout,Dinner,Olio Pizza,Swiggy,No oregano or chilli flakes sachets in the box.,Missing item,2,8,9.5,0,False
1176,119963,2026-10-01,HSR Layout,Dinner,Sharief Bhai,Swiggy,Extra cheese charged but not added.,Missing item,1,8,8.04,0,False
1177,119967,2026-10-01,HSR Layout,Dinner,Olio Pizza,Swiggy,Garlic dip was missing again.,Missing item,1,8,10.1,0,False
1178,120003,2026-10-01,HSR Layout,Dinner,Sharief Bhai,Zomato,"Container lid broken, everything spilled.",Packaging or spill,4,8,13.73,0,False
1179,120014,2026-10-01,HSR Layout,Dinner,Olio Pizza,Swiggy,No oregano or chilli flakes sachets in the box.,Missing item,3,8,10.8,0,False
1180,120051,2026-10-01,HSR Layout,Late night,Olio Pizza,Swiggy,No oregano or chilli flakes sachets in the box.,Missing item,1,3,7.26,0,False
1181,120342,2026-10-01,Whitefield,Breakfast,EatFit,Swiggy,box half empty,Needs review,1,2,10.06,0,False
1182,120416,2026-10-01,Whitefield,Lunch,Sharief Bhai,Call centre,"Slow again from this outlet, third time this week.",Late delivery,5,6,21.83,0,True
1183,120564,2026-10-01,Whitefield,Dinner,Olio Pizza,Zomato,"Ordered for a team dinner, food came after everyone left.",Late delivery,5,5,18.33,0,True
1184,121298,2026-10-01,Jayanagar,Lunch,Olio Pizza,Swiggy,Order reached 44 minutes after the promised time.,Late delivery,3,6,16.41,0,True
1185,121372,2026-10-01,Jayanagar,Dinner,CakeZone,Swiggy,One of the two items was not delivered.,Missing item,1,7,4.44,0,False
1186,121491,2026-10-01,Marathahalli,Lunch,Olio Pizza,Zomato,Garlic dip was missing from my order.,Missing item,2,6,9.79,0,False
1187,121526,2026-10-01,Marathahalli,Lunch,EatFit,Zomato,"Container lid broken, everything spilled.",Packaging or spill,2,6,9.12,0,False
1188,121758,2026-10-01,Hebbal,Lunch,EatFit,Swiggy,Garlic dip was missing from my order.,Missing item,2,6,7.92,0,False
1189,121766,2026-10-01,Hebbal,Lunch,EatFit,Swiggy,"Paid for a combo, the drink was not in the bag.",Missing item,2,6,7.98,0,False
1190,121924,2026-10-02,Koramangala,Lunch,Olio Pizza,Swiggy,"bhai 1 ghanta laga, kya kar rahe ho",Needs review,3,8,15.54,0,True
1191,121996,2026-10-02,Koramangala,Snacks,CakeZone,Swiggy,namak bahut zyada,Needs review,1,4,8.13,0,False
1192,122210,2026-10-02,Koramangala,Dinner,Sharief Bhai,Zomato,Gravy leaked all over the bag.,Packaging or spill,1,9,7.18,0,False
1193,122237,2026-10-02,Koramangala,Late night,Sharief Bhai,Swiggy,Food was lukewarm by the time it reached.,Cold food,2,4,8.88,0,False
1194,122242,2026-10-02,Koramangala,Late night,Sharief Bhai,Call centre,"The biryani arrived cold, had to reheat it.",Cold food,1,4,7.84,0,False
1195,122244,2026-10-02,Koramangala,Late night,Sharief Bhai,Zomato,Biryani completely cold and rubbery.,Cold food,1,4,8.58,0,False
1196,122255,2026-10-02,Koramangala,Late night,Sharief Bhai,Zomato,"biryani was like room temp, no steam at all",Needs review,1,4,7.17,0,False
1197,122290,2026-10-02,HSR Layout,Lunch,Sharief Bhai,Swiggy,box half empty,Needs review,1,7,6.9,0,False
1198,122376,2026-10-02,HSR Layout,Snacks,CakeZone,Zomato,this is not what i ordered at all,Needs review,2,3,4.71,0,False
1199,122394,2026-10-02,HSR Layout,Dinner,Olio Pizza,Swiggy,"paid 40 rs for dip, where is it?",Needs review,1,8,10.44,0,False
1200,122432,2026-10-02,HSR Layout,Dinner,Olio Pizza,Swiggy,Dip and seasoning both missing from the pizza order.,Missing item,2,8,8.41,0,False
1201,122440,2026-10-02,HSR Layout,Dinner,Olio Pizza,Call centre,Garlic dip was missing again.,Missing item,1,8,11.4,0,False
1202,122451,2026-10-02,HSR Layout,Dinner,Olio Pizza,Zomato,"Paid for extra dip, not in the bag.",Missing item,3,8,16.79,0,True
1203,122486,2026-10-02,HSR Layout,Dinner,Olio Pizza,Zomato,dip nahi tha phir se,Needs review,2,8,12.76,0,False
1204,122536,2026-10-02,HSR Layout,Late night,Olio Pizza,Swiggy,dip nahi tha phir se,Needs review,3,3,11.2,0,False
1205,122658,2026-10-02,Indiranagar,Snacks,EatFit,Swiggy,Box was crushed and the thali was damaged.,Packaging or spill,2,3,9.18,0,False
1206,122691,2026-10-02,Indiranagar,Dinner,CakeZone,Swiggy,Extra cheese charged but not added.,Missing item,2,8,5.92,0,False
1207,122727,2026-10-02,Indiranagar,Dinner,EatFit,Zomato,Extra cheese charged but not added.,Missing item,1,8,8.72,0,False
1208,122817,2026-10-02,Indiranagar,Dinner,Millet Express,Swiggy,"Paid for a combo, the drink was not in the bag.",Missing item,2,8,7.64,0,False
1209,122987,2026-10-02,Whitefield,Dinner,Olio Pizza,Swiggy,Gravy leaked all over the bag.,Packaging or spill,1,5,8.68,0,False
1210,123034,2026-10-02,Whitefield,Dinner,CakeZone,Swiggy,"Tasted stale, not like usual.",Taste or quality,2,5,13.73,0,False
1211,123054,2026-10-02,Whitefield,Dinner,Sharief Bhai,Swiggy,"food reached after ages, kids slept hungry",Needs review,2,5,26.26,0,True
1212,123065,2026-10-02,Whitefield,Dinner,Olio Pizza,Zomato,Garlic bread completely cold and rubbery.,Cold food,2,5,32.68,0,True
1213,123067,2026-10-02,Whitefield,Dinner,Olio Pizza,Zomato,Waited almost an hour for a simple farmhouse pizza.,Late delivery,1,5,32.95,0,True
1214,123073,2026-10-02,Whitefield,Dinner,EatFit,Call centre,Thali completely cold and rubbery.,Cold food,1,5,35.24,0,True
1215,123075,2026-10-02,Whitefield,Dinner,Sharief Bhai,Swiggy,Waited almost an hour for a simple chicken biryani.,Late delivery,2,5,42.19,0,True
1216,123084,2026-10-02,Whitefield,Dinner,Olio Pizza,Swiggy,eta kept increasing every 5 min,Needs review,2,5,49.2,0,True
1217,123085,2026-10-02,Whitefield,Dinner,Sharief Bhai,Zomato,Rider said the kitchen was still preparing when he arrived.,Late delivery,2,5,46.77,0,True
1218,123103,2026-10-02,Whitefield,Dinner,EatFit,Zomato,"Ordered for a team dinner, food came after everyone left.",Late delivery,2,5,44.31,0,True
1219,123109,2026-10-02,Whitefield,Dinner,Sharief Bhai,Swiggy,Rider said the kitchen was still preparing when he arrived.,Late delivery,4,5,54.43,0,True
1220,123110,2026-10-02,Whitefield,Dinner,EatFit,Swiggy,"Ordered for a team dinner, food came after everyone left.",Late delivery,2,5,47.55,0,True
1221,123116,2026-10-02,Whitefield,Dinner,Frozen Bottle,Zomato,"Ordered for a team dinner, food came after everyone left.",Late delivery,1,5,48.26,0,True
1222,123119,2026-10-02,Whitefield,Dinner,Olio Pizza,Swiggy,Rider said the kitchen was still preparing when he arrived.,Late delivery,2,5,48.64,0,True
1223,123266,2026-10-02,Bellandur,Snacks,EatFit,Zomato,"food reached after ages, kids slept hungry",Needs review,1,3,16.38,0,True
1224,123596,2026-10-02,Electronic City,Dinner,CakeZone,Zomato,this is not what i ordered at all,Needs review,1,7,6.68,0,False
1225,123663,2026-10-02,JP Nagar,Breakfast,EatFit,Zomato,Garlic dip was missing from my order.,Missing item,1,2,6.89,0,False
1226,123667,2026-10-02,JP Nagar,Lunch,EatFit,Swiggy,my coke never came,Needs review,1,6,6.76,0,False
1227,123936,2026-10-02,Jayanagar,Lunch,EatFit,Zomato,namak bahut zyada,Needs review,2,6,11.02,0,False
1228,124034,2026-10-02,Jayanagar,Dinner,Olio Pizza,Zomato,"bhai 1 ghanta laga, kya kar rahe ho",Needs review,5,7,20.0,0,True
1229,124053,2026-10-02,Jayanagar,Dinner,Frozen Bottle,Swiggy,box half empty,Needs review,2,7,4.05,0,False
1230,124082,2026-10-02,Jayanagar,Dinner,Sharief Bhai,Zomato,delivery partner reached restaurant n waited 25 min for food,Late delivery,1,7,15.62,0,True
1231,124088,2026-10-02,Jayanagar,Dinner,Olio Pizza,Zomato,Rider said the kitchen was still preparing when he arrived.,Late delivery,2,7,18.39,0,True
1232,124093,2026-10-02,Jayanagar,Dinner,Sharief Bhai,Swiggy,"biryani was like room temp, no steam at all",Needs review,1,7,16.87,0,True
1233,124099,2026-10-02,Jayanagar,Dinner,Millet Express,Swiggy,"bhai 1 ghanta laga, kya kar rahe ho",Needs review,2,7,22.02,0,True
1234,124109,2026-10-02,Jayanagar,Dinner,Olio Pizza,Swiggy,Order reached 46 minutes after the promised time.,Late delivery,2,7,27.71,0,True
1235,124118,2026-10-02,Jayanagar,Dinner,Sharief Bhai,Swiggy,"Ordered for a team dinner, food came after everyone left.",Late delivery,2,7,27.13,0,True
1236,124127,2026-10-02,Jayanagar,Dinner,Sharief Bhai,Swiggy,"food reached after ages, kids slept hungry",Needs review,2,7,28.52,0,True
1237,124129,2026-10-02,Jayanagar,Dinner,EatFit,Swiggy,Extra cheese charged but not added.,Missing item,1,7,25.91,0,True
1238,124130,2026-10-02,Jayanagar,Dinner,Sharief Bhai,Zomato,"Slow again from this outlet, third time this week.",Late delivery,4,7,32.47,0,True
1239,124221,2026-10-02,Marathahalli,Breakfast,Millet Express,Swiggy,Rider said the kitchen was still preparing when he arrived.,Late delivery,2,2,15.91,0,True
1240,124298,2026-10-02,Marathahalli,Lunch,Olio Pizza,Call centre,"food reached after ages, kids slept hungry",Needs review,3,6,15.03,0,True
1241,124362,2026-10-02,Marathahalli,Dinner,EatFit,Zomato,"Oily and heavy, not what I expect from this brand.",Taste or quality,3,7,9.32,0,False
1242,124376,2026-10-02,Marathahalli,Dinner,Olio Pizza,Call centre,Gravy leaked all over the bag.,Packaging or spill,3,7,13.25,0,False
1243,124451,2026-10-02,Marathahalli,Dinner,Millet Express,Zomato,Got veg instead of chicken.,Wrong item,3,7,8.38,0,False
1244,124603,2026-10-02,Hebbal,Snacks,Olio Pizza,Zomato,Wrong size delivered.,Wrong item,3,3,9.98,0,False
1245,124679,2026-10-02,Hebbal,Dinner,EatFit,Swiggy,Leaked through the bag onto my bike.,Packaging or spill,1,7,9.19,0,False
1246,124752,2026-10-02,Hebbal,Late night,Sharief Bhai,Swiggy,box half empty,Needs review,2,3,9.43,0,False
1247,124766,2026-10-02,Hebbal,Late night,Olio Pizza,Zomato,eta kept increasing every 5 min,Needs review,3,3,18.54,0,True
1248,124829,2026-10-03,Koramangala,Lunch,Millet Express,Zomato,The idli plate was too salty today.,Taste or quality,4,8,9.85,0,False
1249,124866,2026-10-03,Koramangala,Snacks,EatFit,Swiggy,"curry all over the bag, box was wet",Needs review,1,4,7.09,0,False
1250,124950,2026-10-03,Koramangala,Dinner,EatFit,Zomato,One of the two items was not delivered.,Missing item,4,9,17.14,0,True
1251,125046,2026-10-03,Koramangala,Late night,CakeZone,Swiggy,Box was crushed and the jar cake was damaged.,Packaging or spill,3,4,7.47,0,False
1252,125053,2026-10-03,Koramangala,Late night,Sharief Bhai,Swiggy,"The biryani arrived cold, had to reheat it.",Cold food,1,4,7.91,0,False
1253,125199,2026-10-03,HSR Layout,Dinner,Olio Pizza,Zomato,Dip and seasoning both missing from the pizza order.,Missing item,2,8,9.72,0,False
1254,125311,2026-10-03,HSR Layout,Dinner,Olio Pizza,Zomato,Dip and seasoning both missing from the pizza order.,Missing item,2,8,8.64,0,False
1255,125315,2026-10-03,HSR Layout,Dinner,Olio Pizza,Swiggy,dip nahi tha phir se,Needs review,3,8,12.93,0,False
1256,125356,2026-10-03,HSR Layout,Late night,Olio Pizza,Swiggy,Garlic dip was missing again.,Missing item,1,3,8.16,0,False
1257,125371,2026-10-03,HSR Layout,Late night,EatFit,Zomato,Order reached 54 minutes after the promised time.,Late delivery,1,3,18.03,0,True
1258,125601,2026-10-03,Indiranagar,Dinner,Sharief Bhai,Zomato,"The chicken biryani arrived cold, had to reheat it.",Cold food,2,8,15.75,0,True
1259,125608,2026-10-03,Indiranagar,Dinner,Olio Pizza,Swiggy,Waited almost an hour for a simple garlic bread.,Late delivery,1,8,20.11,0,True
1260,125626,2026-10-03,Indiranagar,Dinner,Sharief Bhai,Zomato,Leaked through the bag onto my bike.,Packaging or spill,4,8,18.52,0,True
1261,125675,2026-10-03,Indiranagar,Late night,Sharief Bhai,Call centre,Gravy leaked all over the bag.,Packaging or spill,2,3,9.26,0,False
1262,125691,2026-10-03,Indiranagar,Late night,Sharief Bhai,Zomato,this is not what i ordered at all,Needs review,2,3,9.08,0,False
1263,125761,2026-10-03,Whitefield,Lunch,EatFit,Swiggy,"Tasted stale, not like usual.",Taste or quality,1,6,6.83,0,False
1264,125854,2026-10-03,Whitefield,Dinner,Sharief Bhai,Swiggy,Rider said the kitchen was still preparing when he arrived.,Late delivery,1,5,24.72,0,True
1265,125857,2026-10-03,Whitefield,Dinner,Sharief Bhai,Zomato,"Overcooked and mushy, not good.",Taste or quality,4,5,28.04,0,True
1266,125859,2026-10-03,Whitefield,Dinner,Millet Express,Swiggy,Rider said the kitchen was still preparing when he arrived.,Late delivery,3,5,33.57,0,True
1267,125864,2026-10-03,Whitefield,Dinner,Olio Pizza,Swiggy,Waited almost an hour for a simple farmhouse pizza.,Late delivery,1,5,28.67,0,True
1268,125869,2026-10-03,Whitefield,Dinner,EatFit,Call centre,Dal-rice bowl completely cold and rubbery.,Cold food,1,5,27.7,0,True
1269,125899,2026-10-03,Whitefield,Dinner,CakeZone,Zomato,Cake completely cold and rubbery.,Cold food,1,5,26.51,0,True
1270,125910,2026-10-03,Whitefield,Dinner,Millet Express,Call centre,Took forever. Rider waited outside the kitchen for 20 minutes.,Late delivery,2,5,23.14,0,True
1271,125945,2026-10-03,Whitefield,Late night,Olio Pizza,Swiggy,Pizza completely cold and rubbery.,Cold food,2,3,17.07,0,True
1272,126352,2026-10-03,JP Nagar,Breakfast,Frozen Bottle,Zomato,"curry all over the bag, box was wet",Needs review,2,2,3.98,0,False
1273,126519,2026-10-03,JP Nagar,Dinner,Olio Pizza,Call centre,box half empty,Needs review,1,7,9.93,0,False
1274,126569,2026-10-03,JP Nagar,Dinner,Frozen Bottle,Zomato,this is not what i ordered at all,Needs review,1,7,3.07,0,False
1275,126691,2026-10-03,Jayanagar,Dinner,Sharief Bhai,Swiggy,raita gayab tha,Needs review,1,7,9.47,0,False
1276,126721,2026-10-03,Jayanagar,Dinner,Olio Pizza,Zomato,"food reached after ages, kids slept hungry",Needs review,2,7,16.37,0,True
1277,126817,2026-10-03,Jayanagar,Late night,Olio Pizza,Zomato,Rider said the kitchen was still preparing when he arrived.,Late delivery,2,3,20.13,0,True
1278,127052,2026-10-03,Marathahalli,Late night,Sharief Bhai,Swiggy,"Tasted stale, not like usual.",Taste or quality,3,3,11.12,0,False
1279,127199,2026-10-03,Hebbal,Dinner,Olio Pizza,Call centre,Took forever. Rider waited outside the kitchen for 20 minutes.,Late delivery,1,7,15.37,0,True
1280,127517,2026-10-04,Koramangala,Dinner,CakeZone,Swiggy,Gravy leaked all over the bag.,Packaging or spill,1,9,5.53,0,False
1281,127593,2026-10-04,Koramangala,Dinner,CakeZone,Swiggy,Box was crushed and the jar cake was damaged.,Packaging or spill,1,9,4.82,0,False
1282,127609,2026-10-04,Koramangala,Late night,Sharief Bhai,Swiggy,"The biryani arrived cold, had to reheat it.",Cold food,2,4,12.03,0,False
1283,127613,2026-10-04,Koramangala,Late night,Sharief Bhai,Zomato,"The chicken biryani arrived cold, had to reheat it.",Cold food,2,4,8.89,0,False
1284,127621,2026-10-04,Koramangala,Late night,Sharief Bhai,Swiggy,Food was lukewarm by the time it reached.,Cold food,2,4,12.3,0,False
1285,127635,2026-10-04,Koramangala,Late night,Sharief Bhai,Call centre,Chicken biryani completely cold and rubbery.,Cold food,1,4,7.87,0,False
1286,127782,2026-10-04,HSR Layout,Dinner,Olio Pizza,Call centre,my coke never came,Needs review,3,8,11.85,0,False
1287,127808,2026-10-04,HSR Layout,Dinner,Olio Pizza,Swiggy,Garlic dip was missing again.,Missing item,1,8,10.19,0,False
1288,127858,2026-10-04,HSR Layout,Dinner,Olio Pizza,Swiggy,"Paid for extra dip, not in the bag.",Missing item,1,8,8.7,0,False
1289,127863,2026-10-04,HSR Layout,Dinner,Olio Pizza,Swiggy,No oregano or chilli flakes sachets in the box.,Missing item,1,8,7.75,0,False
1290,127869,2026-10-04,HSR Layout,Dinner,Sharief Bhai,Zomato,"ordered at 8.10 got it 9.05, unacceptable",Needs review,4,8,16.31,0,True
1291,127898,2026-10-04,HSR Layout,Late night,Olio Pizza,Swiggy,"Paid for extra dip, not in the bag.",Missing item,1,3,11.11,0,False
1292,127994,2026-10-04,Indiranagar,Snacks,EatFit,Zomato,"Overcooked and mushy, not good.",Taste or quality,2,3,8.59,0,False
1293,128194,2026-10-04,Indiranagar,Late night,Sharief Bhai,Swiggy,Rider said the kitchen was still preparing when he arrived.,Late delivery,2,3,23.81,0,True
1294,128321,2026-10-04,Whitefield,Dinner,EatFit,Zomato,Received someone else's order.,Wrong item,2,5,6.4,0,False
1295,128348,2026-10-04,Whitefield,Dinner,Frozen Bottle,Swiggy,Raita not included with the ice cream.,Missing item,2,5,6.28,0,False
1296,128393,2026-10-04,Whitefield,Dinner,EatFit,Zomato,Protein meal was soggy and undercooked.,Taste or quality,3,5,9.61,0,False
1297,128396,2026-10-04,Whitefield,Dinner,Olio Pizza,Swiggy,Pizza completely cold and rubbery.,Cold food,4,5,18.67,0,True
1298,128408,2026-10-04,Whitefield,Dinner,Sharief Bhai,Swiggy,"Ordered for a team dinner, food came after everyone left.",Late delivery,2,5,15.9,0,True
1299,128421,2026-10-04,Whitefield,Dinner,CakeZone,Swiggy,had to microwave the whole thing again,Needs review,1,5,18.43,0,True
1300,128588,2026-10-04,Bellandur,Dinner,Olio Pizza,Zomato,"The farmhouse pizza arrived cold, had to reheat it.",Cold food,5,7,19.35,0,True
1301,128620,2026-10-04,Bellandur,Dinner,Sharief Bhai,Zomato,"Ordered for a team dinner, food came after everyone left.",Late delivery,1,7,16.19,0,True
1302,128965,2026-10-04,JP Nagar,Dinner,Olio Pizza,Swiggy,"curry all over the bag, box was wet",Needs review,2,7,11.36,0,False
1303,129258,2026-10-04,Jayanagar,Dinner,Frozen Bottle,Zomato,"Tasted stale, not like usual.",Taste or quality,2,7,5.48,0,False
1304,129334,2026-10-04,Marathahalli,Lunch,EatFit,Zomato,The dal-rice bowl was too salty today.,Taste or quality,1,6,6.65,0,False
1305,129434,2026-10-04,Marathahalli,Dinner,CakeZone,Swiggy,Extra cheese charged but not added.,Missing item,2,7,4.92,0,False
1306,129603,2026-10-04,Hebbal,Lunch,Millet Express,Zomato,"dosa was rubber, chutney sour",Needs review,1,6,6.91,0,False
1307,129953,2026-10-05,Koramangala,Dinner,Olio Pizza,Call centre,Portion was much smaller than usual.,Quantity,5,9,17.07,0,True
1308,130099,2026-10-05,Koramangala,Late night,Sharief Bhai,Zomato,"Cold in the middle, clearly sat somewhere for a while.",Cold food,3,4,10.0,0,False
1309,130329,2026-10-05,HSR Layout,Dinner,Olio Pizza,Swiggy,"Paid for extra dip, not in the bag.",Missing item,2,8,8.63,0,False
1310,130334,2026-10-05,HSR Layout,Dinner,Olio Pizza,Zomato,"Paid for extra dip, not in the bag.",Missing item,1,8,8.37,0,False
1311,130340,2026-10-05,HSR Layout,Dinner,Olio Pizza,Swiggy,"Paid for extra dip, not in the bag.",Missing item,1,8,8.08,0,False
1312,130728,2026-10-05,Whitefield,Lunch,Sharief Bhai,Swiggy,Box was crushed and the chicken biryani was damaged.,Packaging or spill,2,6,14.3,0,False
1313,130947,2026-10-05,Bellandur,Breakfast,EatFit,Call centre,"Oily and heavy, not what I expect from this brand.",Taste or quality,1,2,6.96,0,False
1314,131377,2026-10-05,JP Nagar,Breakfast,CakeZone,Swiggy,namak bahut zyada,Needs review,2,2,6.18,0,False
1315,131663,2026-10-05,Jayanagar,Lunch,Sharief Bhai,Zomato,"Half-filled container, felt cheated.",Quantity,1,6,8.25,0,False
1316,131779,2026-10-05,Jayanagar,Dinner,Sharief Bhai,Swiggy,The biryani was too salty today.,Taste or quality,2,7,9.95,0,False
1317,131939,2026-10-05,Marathahalli,Snacks,Olio Pizza,Zomato,"Container lid broken, everything spilled.",Packaging or spill,1,3,8.0,0,False
1318,131954,2026-10-05,Marathahalli,Snacks,Olio Pizza,Zomato,base was raw from inside,Needs review,2,3,10.23,0,False
1319,132131,2026-10-05,Hebbal,Lunch,Sharief Bhai,Swiggy,Took forever. Rider waited outside the kitchen for 20 minutes.,Late delivery,2,6,15.98,0,True
1320,132169,2026-10-05,Hebbal,Lunch,Sharief Bhai,Zomato,"Oily and heavy, not what I expect from this brand.",Taste or quality,2,6,8.32,0,False
1321,132184,2026-10-05,Hebbal,Snacks,CakeZone,Swiggy,cake looked like it was dropped,Needs review,2,3,5.44,0,False
1322,132394,2026-10-06,Koramangala,Lunch,EatFit,Zomato,Extra cheese charged but not added.,Missing item,1,8,6.38,0,False
1323,132440,2026-10-06,Koramangala,Snacks,CakeZone,Swiggy,"Tasted stale, not like usual.",Taste or quality,1,4,4.47,0,False
1324,132442,2026-10-06,Koramangala,Snacks,EatFit,Call centre,Gravy leaked all over the bag.,Packaging or spill,1,4,8.66,0,False
1325,132459,2026-10-06,Koramangala,Dinner,Olio Pizza,Zomato,"bhai 1 ghanta laga, kya kar rahe ho",Needs review,6,9,16.67,0,True
1326,132567,2026-10-06,Koramangala,Late night,Sharief Bhai,Zomato,"biryani was like room temp, no steam at all",Needs review,1,4,7.96,0,False
1327,132577,2026-10-06,Koramangala,Late night,Sharief Bhai,Zomato,Chicken biryani completely cold and rubbery.,Cold food,2,4,9.5,0,False
1328,132578,2026-10-06,Koramangala,Late night,Sharief Bhai,Swiggy,Biryani completely cold and rubbery.,Cold food,2,4,9.25,0,False
1329,132579,2026-10-06,Koramangala,Late night,Sharief Bhai,Zomato,"Cold in the middle, clearly sat somewhere for a while.",Cold food,3,4,11.95,0,False
1330,132589,2026-10-06,Koramangala,Late night,Sharief Bhai,Call centre,"Cold in the middle, clearly sat somewhere for a while.",Cold food,2,4,12.09,0,False
1331,132662,2026-10-06,HSR Layout,Lunch,EatFit,Swiggy,"Tasted stale, not like usual.",Taste or quality,1,7,10.63,0,False
1332,132694,2026-10-06,HSR Layout,Snacks,CakeZone,Swiggy,"Paid for a combo, the drink was not in the bag.",Missing item,1,3,3.81,0,False
1333,132734,2026-10-06,HSR Layout,Dinner,Olio Pizza,Call centre,No oregano or chilli flakes sachets in the box.,Missing item,3,8,12.09,0,False
1334,132776,2026-10-06,HSR Layout,Dinner,Olio Pizza,Zomato,Garlic dip was missing again.,Missing item,1,8,10.31,0,False
1335,132823,2026-10-06,HSR Layout,Dinner,Olio Pizza,Swiggy,No oregano or chilli flakes sachets in the box.,Missing item,1,8,10.74,0,False
1336,132846,2026-10-06,HSR Layout,Late night,Olio Pizza,Swiggy,"Paid for extra dip, not in the bag.",Missing item,3,3,13.29,0,False
1337,132853,2026-10-06,HSR Layout,Late night,Olio Pizza,Zomato,delivery partner reached restaurant n waited 25 min for food,Late delivery,3,3,15.86,0,True
1338,132875,2026-10-06,Indiranagar,Breakfast,Frozen Bottle,Swiggy,No oregano or chilli flakes sachets in the box.,Missing item,2,2,3.26,0,False
1339,133122,2026-10-06,Indiranagar,Late night,Sharief Bhai,Swiggy,"curry all over the bag, box was wet",Needs review,2,3,8.43,0,False
1340,133137,2026-10-06,Indiranagar,Late night,CakeZone,Swiggy,this is not what i ordered at all,Needs review,1,3,5.11,0,False
1341,133192,2026-10-06,Whitefield,Lunch,Olio Pizza,Swiggy,Order reached 35 minutes after the promised time.,Late delivery,3,6,15.35,0,True
1342,133312,2026-10-06,Whitefield,Dinner,Olio Pizza,Swiggy,Food was lukewarm by the time it reached.,Cold food,4,5,21.12,0,True
1343,133334,2026-10-06,Whitefield,Dinner,Sharief Bhai,Swiggy,"Ordered for a team dinner, food came after everyone left.",Late delivery,3,5,15.05,0,True
1344,133335,2026-10-06,Whitefield,Dinner,Olio Pizza,Zomato,Leaked through the bag onto my bike.,Packaging or spill,1,5,15.88,0,True
1345,133376,2026-10-06,Whitefield,Late night,Sharief Bhai,Zomato,biryani smelled off,Needs review,2,3,11.16,0,False
1346,133780,2026-10-06,JP Nagar,Lunch,Frozen Bottle,Swiggy,"Tasted stale, not like usual.",Taste or quality,2,6,8.05,0,False
1347,134018,2026-10-06,Jayanagar,Lunch,Millet Express,Swiggy,this is not what i ordered at all,Needs review,4,6,16.57,0,True
1348,134024,2026-10-06,Jayanagar,Lunch,Sharief Bhai,Swiggy,Took forever. Rider waited outside the kitchen for 20 minutes.,Late delivery,2,6,16.43,0,True
1349,134025,2026-10-06,Jayanagar,Lunch,EatFit,Swiggy,my coke never came,Needs review,2,6,7.12,0,False
1350,134080,2026-10-06,Jayanagar,Snacks,Frozen Bottle,Zomato,Portion was much smaller than usual.,Quantity,2,3,3.76,0,False
1351,134106,2026-10-06,Jayanagar,Dinner,CakeZone,Swiggy,"Cake order cancelled after 20 minutes, said out of stock.",Missing item,2,7,,1,False
1352,134123,2026-10-06,Jayanagar,Dinner,CakeZone,Zomato,"Cake order cancelled after 20 minutes, said out of stock.",Missing item,2,7,,1,False
1353,134137,2026-10-06,Jayanagar,Dinner,CakeZone,Zomato,"Cake cancelled at the last minute, birthday ruined.",Missing item,2,7,,1,False
1354,134152,2026-10-06,Jayanagar,Dinner,CakeZone,Swiggy,my coke never came,Needs review,2,7,,1,False
1355,134171,2026-10-06,Jayanagar,Dinner,CakeZone,Swiggy,They called to say the cake is not available. Why accept the order?,Missing item,1,7,,1,False
1356,134305,2026-10-06,Marathahalli,Snacks,Frozen Bottle,Swiggy,"Paid for a combo, the drink was not in the bag.",Missing item,3,3,5.25,0,False
1357,134517,2026-10-06,Hebbal,Lunch,Olio Pizza,Call centre,"Cold in the middle, clearly sat somewhere for a while.",Cold food,2,6,15.94,0,True
1358,134725,2026-10-07,Koramangala,Lunch,Sharief Bhai,Swiggy,The chicken biryani was too salty today.,Taste or quality,1,8,8.3,0,False
1359,134739,2026-10-07,Koramangala,Lunch,EatFit,Zomato,this is not what i ordered at all,Needs review,3,8,9.74,0,False
1360,134932,2026-10-07,Koramangala,Late night,Sharief Bhai,Swiggy,"biryani was like room temp, no steam at all",Needs review,1,4,7.24,0,False
1361,135106,2026-10-07,HSR Layout,Dinner,Olio Pizza,Zomato,"Overcooked and mushy, not good.",Taste or quality,1,8,8.98,0,False
1362,135131,2026-10-07,HSR Layout,Dinner,Olio Pizza,Zomato,Dip and seasoning both missing from the pizza order.,Missing item,1,8,8.64,0,False
1363,135163,2026-10-07,HSR Layout,Dinner,Olio Pizza,Zomato,No oregano or chilli flakes sachets in the box.,Missing item,3,8,12.31,0,False
1364,135168,2026-10-07,HSR Layout,Dinner,Olio Pizza,Zomato,"Paid for extra dip, not in the bag.",Missing item,3,8,11.79,0,False
1365,135368,2026-10-07,Indiranagar,Dinner,Olio Pizza,Call centre,"The farmhouse pizza arrived cold, had to reheat it.",Cold food,3,8,16.52,0,True
1366,135369,2026-10-07,Indiranagar,Dinner,EatFit,Swiggy,Very little in the protein meal for the price.,Quantity,2,8,9.53,0,False
1367,135385,2026-10-07,Indiranagar,Dinner,Olio Pizza,Swiggy,base was raw from inside,Needs review,1,8,13.7,0,False
1368,135414,2026-10-07,Indiranagar,Dinner,Sharief Bhai,Swiggy,The chicken biryani was too salty today.,Taste or quality,1,8,9.53,0,False
1369,135795,2026-10-07,Bellandur,Lunch,EatFit,Swiggy,"Overcooked and mushy, not good.",Taste or quality,2,6,7.23,0,False
1370,135798,2026-10-07,Bellandur,Lunch,EatFit,Call centre,Leaked through the bag onto my bike.,Packaging or spill,1,6,6.85,0,False
1371,135809,2026-10-07,Bellandur,Lunch,Sharief Bhai,Swiggy,Waited almost an hour for a simple mutton biryani.,Late delivery,2,6,15.92,0,True
1372,136179,2026-10-07,JP Nagar,Lunch,EatFit,Zomato,Extra cheese charged but not added.,Missing item,3,6,8.8,0,False
1373,136328,2026-10-07,JP Nagar,Dinner,Sharief Bhai,Swiggy,my coke never came,Needs review,3,7,13.23,0,False
1374,136433,2026-10-07,Jayanagar,Lunch,EatFit,Zomato,dal had no flavour at all,Needs review,1,6,6.71,0,False
1375,136516,2026-10-07,Jayanagar,Dinner,Olio Pizza,Swiggy,Rider said the kitchen was still preparing when he arrived.,Late delivery,3,7,17.83,0,True
1376,136598,2026-10-07,Jayanagar,Late night,Olio Pizza,Call centre,"paid 40 rs for dip, where is it?",Needs review,2,3,11.31,0,False
1377,136770,2026-10-07,Marathahalli,Dinner,Olio Pizza,Zomato,Raita not included with the pizza.,Missing item,2,7,9.45,0,False
1378,136854,2026-10-07,Hebbal,Lunch,EatFit,Call centre,No oregano or chilli flakes sachets in the box.,Missing item,2,6,8.12,0,False
1379,136878,2026-10-07,Hebbal,Lunch,EatFit,Swiggy,namak bahut zyada,Needs review,1,6,6.11,0,False
1380,137206,2026-10-08,Koramangala,Snacks,EatFit,Zomato,"Overcooked and mushy, not good.",Taste or quality,2,4,7.13,0,False
1381,137292,2026-10-08,Koramangala,Dinner,Sharief Bhai,Swiggy,biryani smelled off,Needs review,2,9,10.46,0,False
1382,137325,2026-10-08,Koramangala,Dinner,Olio Pizza,Zomato,"The garlic bread arrived cold, had to reheat it.",Cold food,3,9,17.98,0,True
1383,137349,2026-10-08,Koramangala,Late night,Sharief Bhai,Swiggy,Raita not included with the mutton biryani.,Missing item,1,4,8.33,0,False
1384,137351,2026-10-08,Koramangala,Late night,Sharief Bhai,Swiggy,Chicken biryani completely cold and rubbery.,Cold food,2,4,7.74,0,False
1385,137367,2026-10-08,Koramangala,Late night,Sharief Bhai,Swiggy,"Cold in the middle, clearly sat somewhere for a while.",Cold food,2,4,8.92,0,False
1386,137537,2026-10-08,HSR Layout,Dinner,Olio Pizza,Zomato,"paid 40 rs for dip, where is it?",Needs review,3,8,12.05,0,False
1387,137548,2026-10-08,HSR Layout,Dinner,Olio Pizza,Swiggy,"paid 40 rs for dip, where is it?",Needs review,2,8,10.81,0,False
1388,137569,2026-10-08,HSR Layout,Dinner,Olio Pizza,Call centre,Dip and seasoning both missing from the pizza order.,Missing item,2,8,10.94,0,False
1389,137907,2026-10-08,Indiranagar,Dinner,Olio Pizza,Swiggy,"Ordered for a team dinner, food came after everyone left.",Late delivery,4,8,16.18,0,True
1390,138152,2026-10-08,Whitefield,Dinner,Sharief Bhai,Call centre,Order reached 26 minutes after the promised time.,Late delivery,2,5,27.1,0,True
1391,138156,2026-10-08,Whitefield,Dinner,Olio Pizza,Swiggy,"Ordered for a team dinner, food came after everyone left.",Late delivery,1,5,24.33,0,True
1392,138161,2026-10-08,Whitefield,Dinner,Olio Pizza,Swiggy,Took forever. Rider waited outside the kitchen for 20 minutes.,Late delivery,2,5,30.98,0,True
1393,138163,2026-10-08,Whitefield,Dinner,Sharief Bhai,Swiggy,everything ice-cold by the time it came,Cold food,2,5,23.54,0,True
1394,138176,2026-10-08,Whitefield,Dinner,Sharief Bhai,Zomato,"Paid for a combo, the drink was not in the bag.",Missing item,1,5,18.21,0,True
1395,138191,2026-10-08,Whitefield,Dinner,Sharief Bhai,Zomato,Took forever. Rider waited outside the kitchen for 20 minutes.,Late delivery,2,5,26.06,0,True
1396,138193,2026-10-08,Whitefield,Dinner,EatFit,Zomato,eta kept increasing every 5 min,Needs review,4,5,26.22,0,True
1397,138393,2026-10-08,Bellandur,Dinner,Sharief Bhai,Zomato,"Oily and heavy, not what I expect from this brand.",Taste or quality,3,7,8.39,0,False
1398,138402,2026-10-08,Bellandur,Dinner,Olio Pizza,Zomato,"Half-filled container, felt cheated.",Quantity,1,7,9.83,0,False
1399,138485,2026-10-08,Bellandur,Late night,Olio Pizza,Swiggy,"ordered at 8.10 got it 9.05, unacceptable",Needs review,3,3,15.88,0,True
1400,138707,2026-10-08,JP Nagar,Lunch,Sharief Bhai,Zomato,"Ordered for a team dinner, food came after everyone left.",Late delivery,5,6,18.81,0,True
1401,138724,2026-10-08,JP Nagar,Lunch,Olio Pizza,Swiggy,Portion was much smaller than usual.,Quantity,1,6,9.47,0,False
1402,138999,2026-10-08,Jayanagar,Snacks,Frozen Bottle,Swiggy,box half empty,Needs review,1,3,3.11,0,False
1403,139014,2026-10-08,Jayanagar,Dinner,CakeZone,Swiggy,"Cake cancelled at the last minute, birthday ruined.",Missing item,2,7,,1,False
1404,139076,2026-10-08,Jayanagar,Dinner,CakeZone,Zomato,They called to say the cake is not available. Why accept the order?,Missing item,5,7,,1,False
1405,139084,2026-10-08,Jayanagar,Dinner,CakeZone,Swiggy,"order was cancelled after accepting, no cake",Missing item,2,7,,1,False
1406,139094,2026-10-08,Jayanagar,Dinner,CakeZone,Swiggy,"Cake order cancelled after 20 minutes, said out of stock.",Missing item,2,7,,1,False
1407,139097,2026-10-08,Jayanagar,Dinner,CakeZone,Call centre,"order was cancelled after accepting, no cake",Missing item,2,7,,1,False
1408,139115,2026-10-08,Jayanagar,Late night,Olio Pizza,Swiggy,Took forever. Rider waited outside the kitchen for 20 minutes.,Late delivery,3,3,15.14,0,True
1409,139249,2026-10-08,Marathahalli,Snacks,Olio Pizza,Call centre,"Oily and heavy, not what I expect from this brand.",Taste or quality,2,3,13.34,0,False
1410,139294,2026-10-08,Marathahalli,Dinner,EatFit,Swiggy,box half empty,Needs review,1,7,7.49,0,False
1411,139381,2026-10-08,Hebbal,Breakfast,EatFit,Zomato,"Container lid broken, everything spilled.",Packaging or spill,1,2,7.86,0,False
1412,139440,2026-10-08,Hebbal,Lunch,EatFit,Swiggy,The protein meal was too salty today.,Taste or quality,1,6,6.93,0,False
